Date,Year,Quarter,Quarter Num,Month Num,Month Name,Month Short,Week Number,Day of Week,Day Name,Day Short,Is Weekend,Is Weekday,Year Month,Year Quarter,Day of Month,Day of Year,Is Month Start,Is Month End,Fiscal Year,Fiscal Quarter
01/01/2022,2022,Q1,1,1,January,Jan,52,6,Saturday,Sat,Yes,No,2022-01,2022Q1,1,1,Yes,No,FY2021,Q4
02/01/2022,2022,Q1,1,1,January,Jan,52,7,Sunday,Sun,Yes,No,2022-01,2022Q1,2,2,No,No,FY2021,Q4
03/01/2022,2022,Q1,1,1,January,Jan,1,1,Monday,Mon,No,Yes,2022-01,2022Q1,3,3,No,No,FY2021,Q4
04/01/2022,2022,Q1,1,1,January,Jan,1,2,Tuesday,Tue,No,Yes,2022-01,2022Q1,4,4,No,No,FY2021,Q4
05/01/2022,2022,Q1,1,1,January,Jan,1,3,Wednesday,Wed,No,Yes,2022-01,2022Q1,5,5,No,No,FY2021,Q4
06/01/2022,2022,Q1,1,1,January,Jan,1,4,Thursday,Thu,No,Yes,2022-01,2022Q1,6,6,No,No,FY2021,Q4
07/01/2022,2022,Q1,1,1,January,Jan,1,5,Friday,Fri,No,Yes,2022-01,2022Q1,7,7,No,No,FY2021,Q4
08/01/2022,2022,Q1,1,1,January,Jan,1,6,Saturday,Sat,Yes,No,2022-01,2022Q1,8,8,No,No,FY2021,Q4
09/01/2022,2022,Q1,1,1,January,Jan,1,7,Sunday,Sun,Yes,No,2022-01,2022Q1,9,9,No,No,FY2021,Q4
10/01/2022,2022,Q1,1,1,January,Jan,2,1,Monday,Mon,No,Yes,2022-01,2022Q1,10,10,No,No,FY2021,Q4
11/01/2022,2022,Q1,1,1,January,Jan,2,2,Tuesday,Tue,No,Yes,2022-01,2022Q1,11,11,No,No,FY2021,Q4
12/01/2022,2022,Q1,1,1,January,Jan,2,3,Wednesday,Wed,No,Yes,2022-01,2022Q1,12,12,No,No,FY2021,Q4
13/01/2022,2022,Q1,1,1,January,Jan,2,4,Thursday,Thu,No,Yes,2022-01,2022Q1,13,13,No,No,FY2021,Q4
14/01/2022,2022,Q1,1,1,January,Jan,2,5,Friday,Fri,No,Yes,2022-01,2022Q1,14,14,No,No,FY2021,Q4
15/01/2022,2022,Q1,1,1,January,Jan,2,6,Saturday,Sat,Yes,No,2022-01,2022Q1,15,15,No,No,FY2021,Q4
16/01/2022,2022,Q1,1,1,January,Jan,2,7,Sunday,Sun,Yes,No,2022-01,2022Q1,16,16,No,No,FY2021,Q4
17/01/2022,2022,Q1,1,1,January,Jan,3,1,Monday,Mon,No,Yes,2022-01,2022Q1,17,17,No,No,FY2021,Q4
18/01/2022,2022,Q1,1,1,January,Jan,3,2,Tuesday,Tue,No,Yes,2022-01,2022Q1,18,18,No,No,FY2021,Q4
19/01/2022,2022,Q1,1,1,January,Jan,3,3,Wednesday,Wed,No,Yes,2022-01,2022Q1,19,19,No,No,FY2021,Q4
20/01/2022,2022,Q1,1,1,January,Jan,3,4,Thursday,Thu,No,Yes,2022-01,2022Q1,20,20,No,No,FY2021,Q4
21/01/2022,2022,Q1,1,1,January,Jan,3,5,Friday,Fri,No,Yes,2022-01,2022Q1,21,21,No,No,FY2021,Q4
22/01/2022,2022,Q1,1,1,January,Jan,3,6,Saturday,Sat,Yes,No,2022-01,2022Q1,22,22,No,No,FY2021,Q4
23/01/2022,2022,Q1,1,1,January,Jan,3,7,Sunday,Sun,Yes,No,2022-01,2022Q1,23,23,No,No,FY2021,Q4
24/01/2022,2022,Q1,1,1,January,Jan,4,1,Monday,Mon,No,Yes,2022-01,2022Q1,24,24,No,No,FY2021,Q4
25/01/2022,2022,Q1,1,1,January,Jan,4,2,Tuesday,Tue,No,Yes,2022-01,2022Q1,25,25,No,No,FY2021,Q4
26/01/2022,2022,Q1,1,1,January,Jan,4,3,Wednesday,Wed,No,Yes,2022-01,2022Q1,26,26,No,No,FY2021,Q4
27/01/2022,2022,Q1,1,1,January,Jan,4,4,Thursday,Thu,No,Yes,2022-01,2022Q1,27,27,No,No,FY2021,Q4
28/01/2022,2022,Q1,1,1,January,Jan,4,5,Friday,Fri,No,Yes,2022-01,2022Q1,28,28,No,No,FY2021,Q4
29/01/2022,2022,Q1,1,1,January,Jan,4,6,Saturday,Sat,Yes,No,2022-01,2022Q1,29,29,No,No,FY2021,Q4
30/01/2022,2022,Q1,1,1,January,Jan,4,7,Sunday,Sun,Yes,No,2022-01,2022Q1,30,30,No,No,FY2021,Q4
31/01/2022,2022,Q1,1,1,January,Jan,5,1,Monday,Mon,No,Yes,2022-01,2022Q1,31,31,No,Yes,FY2021,Q4
01/02/2022,2022,Q1,1,2,February,Feb,5,2,Tuesday,Tue,No,Yes,2022-02,2022Q1,1,32,Yes,No,FY2021,Q4
02/02/2022,2022,Q1,1,2,February,Feb,5,3,Wednesday,Wed,No,Yes,2022-02,2022Q1,2,33,No,No,FY2021,Q4
03/02/2022,2022,Q1,1,2,February,Feb,5,4,Thursday,Thu,No,Yes,2022-02,2022Q1,3,34,No,No,FY2021,Q4
04/02/2022,2022,Q1,1,2,February,Feb,5,5,Friday,Fri,No,Yes,2022-02,2022Q1,4,35,No,No,FY2021,Q4
05/02/2022,2022,Q1,1,2,February,Feb,5,6,Saturday,Sat,Yes,No,2022-02,2022Q1,5,36,No,No,FY2021,Q4
06/02/2022,2022,Q1,1,2,February,Feb,5,7,Sunday,Sun,Yes,No,2022-02,2022Q1,6,37,No,No,FY2021,Q4
07/02/2022,2022,Q1,1,2,February,Feb,6,1,Monday,Mon,No,Yes,2022-02,2022Q1,7,38,No,No,FY2021,Q4
08/02/2022,2022,Q1,1,2,February,Feb,6,2,Tuesday,Tue,No,Yes,2022-02,2022Q1,8,39,No,No,FY2021,Q4
09/02/2022,2022,Q1,1,2,February,Feb,6,3,Wednesday,Wed,No,Yes,2022-02,2022Q1,9,40,No,No,FY2021,Q4
10/02/2022,2022,Q1,1,2,February,Feb,6,4,Thursday,Thu,No,Yes,2022-02,2022Q1,10,41,No,No,FY2021,Q4
11/02/2022,2022,Q1,1,2,February,Feb,6,5,Friday,Fri,No,Yes,2022-02,2022Q1,11,42,No,No,FY2021,Q4
12/02/2022,2022,Q1,1,2,February,Feb,6,6,Saturday,Sat,Yes,No,2022-02,2022Q1,12,43,No,No,FY2021,Q4
13/02/2022,2022,Q1,1,2,February,Feb,6,7,Sunday,Sun,Yes,No,2022-02,2022Q1,13,44,No,No,FY2021,Q4
14/02/2022,2022,Q1,1,2,February,Feb,7,1,Monday,Mon,No,Yes,2022-02,2022Q1,14,45,No,No,FY2021,Q4
15/02/2022,2022,Q1,1,2,February,Feb,7,2,Tuesday,Tue,No,Yes,2022-02,2022Q1,15,46,No,No,FY2021,Q4
16/02/2022,2022,Q1,1,2,February,Feb,7,3,Wednesday,Wed,No,Yes,2022-02,2022Q1,16,47,No,No,FY2021,Q4
17/02/2022,2022,Q1,1,2,February,Feb,7,4,Thursday,Thu,No,Yes,2022-02,2022Q1,17,48,No,No,FY2021,Q4
18/02/2022,2022,Q1,1,2,February,Feb,7,5,Friday,Fri,No,Yes,2022-02,2022Q1,18,49,No,No,FY2021,Q4
19/02/2022,2022,Q1,1,2,February,Feb,7,6,Saturday,Sat,Yes,No,2022-02,2022Q1,19,50,No,No,FY2021,Q4
20/02/2022,2022,Q1,1,2,February,Feb,7,7,Sunday,Sun,Yes,No,2022-02,2022Q1,20,51,No,No,FY2021,Q4
21/02/2022,2022,Q1,1,2,February,Feb,8,1,Monday,Mon,No,Yes,2022-02,2022Q1,21,52,No,No,FY2021,Q4
22/02/2022,2022,Q1,1,2,February,Feb,8,2,Tuesday,Tue,No,Yes,2022-02,2022Q1,22,53,No,No,FY2021,Q4
23/02/2022,2022,Q1,1,2,February,Feb,8,3,Wednesday,Wed,No,Yes,2022-02,2022Q1,23,54,No,No,FY2021,Q4
24/02/2022,2022,Q1,1,2,February,Feb,8,4,Thursday,Thu,No,Yes,2022-02,2022Q1,24,55,No,No,FY2021,Q4
25/02/2022,2022,Q1,1,2,February,Feb,8,5,Friday,Fri,No,Yes,2022-02,2022Q1,25,56,No,No,FY2021,Q4
26/02/2022,2022,Q1,1,2,February,Feb,8,6,Saturday,Sat,Yes,No,2022-02,2022Q1,26,57,No,No,FY2021,Q4
27/02/2022,2022,Q1,1,2,February,Feb,8,7,Sunday,Sun,Yes,No,2022-02,2022Q1,27,58,No,No,FY2021,Q4
28/02/2022,2022,Q1,1,2,February,Feb,9,1,Monday,Mon,No,Yes,2022-02,2022Q1,28,59,No,Yes,FY2021,Q4
01/03/2022,2022,Q1,1,3,March,Mar,9,2,Tuesday,Tue,No,Yes,2022-03,2022Q1,1,60,Yes,No,FY2021,Q4
02/03/2022,2022,Q1,1,3,March,Mar,9,3,Wednesday,Wed,No,Yes,2022-03,2022Q1,2,61,No,No,FY2021,Q4
03/03/2022,2022,Q1,1,3,March,Mar,9,4,Thursday,Thu,No,Yes,2022-03,2022Q1,3,62,No,No,FY2021,Q4
04/03/2022,2022,Q1,1,3,March,Mar,9,5,Friday,Fri,No,Yes,2022-03,2022Q1,4,63,No,No,FY2021,Q4
05/03/2022,2022,Q1,1,3,March,Mar,9,6,Saturday,Sat,Yes,No,2022-03,2022Q1,5,64,No,No,FY2021,Q4
06/03/2022,2022,Q1,1,3,March,Mar,9,7,Sunday,Sun,Yes,No,2022-03,2022Q1,6,65,No,No,FY2021,Q4
07/03/2022,2022,Q1,1,3,March,Mar,10,1,Monday,Mon,No,Yes,2022-03,2022Q1,7,66,No,No,FY2021,Q4
08/03/2022,2022,Q1,1,3,March,Mar,10,2,Tuesday,Tue,No,Yes,2022-03,2022Q1,8,67,No,No,FY2021,Q4
09/03/2022,2022,Q1,1,3,March,Mar,10,3,Wednesday,Wed,No,Yes,2022-03,2022Q1,9,68,No,No,FY2021,Q4
10/03/2022,2022,Q1,1,3,March,Mar,10,4,Thursday,Thu,No,Yes,2022-03,2022Q1,10,69,No,No,FY2021,Q4
11/03/2022,2022,Q1,1,3,March,Mar,10,5,Friday,Fri,No,Yes,2022-03,2022Q1,11,70,No,No,FY2021,Q4
12/03/2022,2022,Q1,1,3,March,Mar,10,6,Saturday,Sat,Yes,No,2022-03,2022Q1,12,71,No,No,FY2021,Q4
13/03/2022,2022,Q1,1,3,March,Mar,10,7,Sunday,Sun,Yes,No,2022-03,2022Q1,13,72,No,No,FY2021,Q4
14/03/2022,2022,Q1,1,3,March,Mar,11,1,Monday,Mon,No,Yes,2022-03,2022Q1,14,73,No,No,FY2021,Q4
15/03/2022,2022,Q1,1,3,March,Mar,11,2,Tuesday,Tue,No,Yes,2022-03,2022Q1,15,74,No,No,FY2021,Q4
16/03/2022,2022,Q1,1,3,March,Mar,11,3,Wednesday,Wed,No,Yes,2022-03,2022Q1,16,75,No,No,FY2021,Q4
17/03/2022,2022,Q1,1,3,March,Mar,11,4,Thursday,Thu,No,Yes,2022-03,2022Q1,17,76,No,No,FY2021,Q4
18/03/2022,2022,Q1,1,3,March,Mar,11,5,Friday,Fri,No,Yes,2022-03,2022Q1,18,77,No,No,FY2021,Q4
19/03/2022,2022,Q1,1,3,March,Mar,11,6,Saturday,Sat,Yes,No,2022-03,2022Q1,19,78,No,No,FY2021,Q4
20/03/2022,2022,Q1,1,3,March,Mar,11,7,Sunday,Sun,Yes,No,2022-03,2022Q1,20,79,No,No,FY2021,Q4
21/03/2022,2022,Q1,1,3,March,Mar,12,1,Monday,Mon,No,Yes,2022-03,2022Q1,21,80,No,No,FY2021,Q4
22/03/2022,2022,Q1,1,3,March,Mar,12,2,Tuesday,Tue,No,Yes,2022-03,2022Q1,22,81,No,No,FY2021,Q4
23/03/2022,2022,Q1,1,3,March,Mar,12,3,Wednesday,Wed,No,Yes,2022-03,2022Q1,23,82,No,No,FY2021,Q4
24/03/2022,2022,Q1,1,3,March,Mar,12,4,Thursday,Thu,No,Yes,2022-03,2022Q1,24,83,No,No,FY2021,Q4
25/03/2022,2022,Q1,1,3,March,Mar,12,5,Friday,Fri,No,Yes,2022-03,2022Q1,25,84,No,No,FY2021,Q4
26/03/2022,2022,Q1,1,3,March,Mar,12,6,Saturday,Sat,Yes,No,2022-03,2022Q1,26,85,No,No,FY2021,Q4
27/03/2022,2022,Q1,1,3,March,Mar,12,7,Sunday,Sun,Yes,No,2022-03,2022Q1,27,86,No,No,FY2021,Q4
28/03/2022,2022,Q1,1,3,March,Mar,13,1,Monday,Mon,No,Yes,2022-03,2022Q1,28,87,No,No,FY2021,Q4
29/03/2022,2022,Q1,1,3,March,Mar,13,2,Tuesday,Tue,No,Yes,2022-03,2022Q1,29,88,No,No,FY2021,Q4
30/03/2022,2022,Q1,1,3,March,Mar,13,3,Wednesday,Wed,No,Yes,2022-03,2022Q1,30,89,No,No,FY2021,Q4
31/03/2022,2022,Q1,1,3,March,Mar,13,4,Thursday,Thu,No,Yes,2022-03,2022Q1,31,90,No,Yes,FY2021,Q4
01/04/2022,2022,Q2,2,4,April,Apr,13,5,Friday,Fri,No,Yes,2022-04,2022Q2,1,91,Yes,No,FY2022,Q1
02/04/2022,2022,Q2,2,4,April,Apr,13,6,Saturday,Sat,Yes,No,2022-04,2022Q2,2,92,No,No,FY2022,Q1
03/04/2022,2022,Q2,2,4,April,Apr,13,7,Sunday,Sun,Yes,No,2022-04,2022Q2,3,93,No,No,FY2022,Q1
04/04/2022,2022,Q2,2,4,April,Apr,14,1,Monday,Mon,No,Yes,2022-04,2022Q2,4,94,No,No,FY2022,Q1
05/04/2022,2022,Q2,2,4,April,Apr,14,2,Tuesday,Tue,No,Yes,2022-04,2022Q2,5,95,No,No,FY2022,Q1
06/04/2022,2022,Q2,2,4,April,Apr,14,3,Wednesday,Wed,No,Yes,2022-04,2022Q2,6,96,No,No,FY2022,Q1
07/04/2022,2022,Q2,2,4,April,Apr,14,4,Thursday,Thu,No,Yes,2022-04,2022Q2,7,97,No,No,FY2022,Q1
08/04/2022,2022,Q2,2,4,April,Apr,14,5,Friday,Fri,No,Yes,2022-04,2022Q2,8,98,No,No,FY2022,Q1
09/04/2022,2022,Q2,2,4,April,Apr,14,6,Saturday,Sat,Yes,No,2022-04,2022Q2,9,99,No,No,FY2022,Q1
10/04/2022,2022,Q2,2,4,April,Apr,14,7,Sunday,Sun,Yes,No,2022-04,2022Q2,10,100,No,No,FY2022,Q1
11/04/2022,2022,Q2,2,4,April,Apr,15,1,Monday,Mon,No,Yes,2022-04,2022Q2,11,101,No,No,FY2022,Q1
12/04/2022,2022,Q2,2,4,April,Apr,15,2,Tuesday,Tue,No,Yes,2022-04,2022Q2,12,102,No,No,FY2022,Q1
13/04/2022,2022,Q2,2,4,April,Apr,15,3,Wednesday,Wed,No,Yes,2022-04,2022Q2,13,103,No,No,FY2022,Q1
14/04/2022,2022,Q2,2,4,April,Apr,15,4,Thursday,Thu,No,Yes,2022-04,2022Q2,14,104,No,No,FY2022,Q1
15/04/2022,2022,Q2,2,4,April,Apr,15,5,Friday,Fri,No,Yes,2022-04,2022Q2,15,105,No,No,FY2022,Q1
16/04/2022,2022,Q2,2,4,April,Apr,15,6,Saturday,Sat,Yes,No,2022-04,2022Q2,16,106,No,No,FY2022,Q1
17/04/2022,2022,Q2,2,4,April,Apr,15,7,Sunday,Sun,Yes,No,2022-04,2022Q2,17,107,No,No,FY2022,Q1
18/04/2022,2022,Q2,2,4,April,Apr,16,1,Monday,Mon,No,Yes,2022-04,2022Q2,18,108,No,No,FY2022,Q1
19/04/2022,2022,Q2,2,4,April,Apr,16,2,Tuesday,Tue,No,Yes,2022-04,2022Q2,19,109,No,No,FY2022,Q1
20/04/2022,2022,Q2,2,4,April,Apr,16,3,Wednesday,Wed,No,Yes,2022-04,2022Q2,20,110,No,No,FY2022,Q1
21/04/2022,2022,Q2,2,4,April,Apr,16,4,Thursday,Thu,No,Yes,2022-04,2022Q2,21,111,No,No,FY2022,Q1
22/04/2022,2022,Q2,2,4,April,Apr,16,5,Friday,Fri,No,Yes,2022-04,2022Q2,22,112,No,No,FY2022,Q1
23/04/2022,2022,Q2,2,4,April,Apr,16,6,Saturday,Sat,Yes,No,2022-04,2022Q2,23,113,No,No,FY2022,Q1
24/04/2022,2022,Q2,2,4,April,Apr,16,7,Sunday,Sun,Yes,No,2022-04,2022Q2,24,114,No,No,FY2022,Q1
25/04/2022,2022,Q2,2,4,April,Apr,17,1,Monday,Mon,No,Yes,2022-04,2022Q2,25,115,No,No,FY2022,Q1
26/04/2022,2022,Q2,2,4,April,Apr,17,2,Tuesday,Tue,No,Yes,2022-04,2022Q2,26,116,No,No,FY2022,Q1
27/04/2022,2022,Q2,2,4,April,Apr,17,3,Wednesday,Wed,No,Yes,2022-04,2022Q2,27,117,No,No,FY2022,Q1
28/04/2022,2022,Q2,2,4,April,Apr,17,4,Thursday,Thu,No,Yes,2022-04,2022Q2,28,118,No,No,FY2022,Q1
29/04/2022,2022,Q2,2,4,April,Apr,17,5,Friday,Fri,No,Yes,2022-04,2022Q2,29,119,No,No,FY2022,Q1
30/04/2022,2022,Q2,2,4,April,Apr,17,6,Saturday,Sat,Yes,No,2022-04,2022Q2,30,120,No,Yes,FY2022,Q1
01/05/2022,2022,Q2,2,5,May,May,17,7,Sunday,Sun,Yes,No,2022-05,2022Q2,1,121,Yes,No,FY2022,Q1
02/05/2022,2022,Q2,2,5,May,May,18,1,Monday,Mon,No,Yes,2022-05,2022Q2,2,122,No,No,FY2022,Q1
03/05/2022,2022,Q2,2,5,May,May,18,2,Tuesday,Tue,No,Yes,2022-05,2022Q2,3,123,No,No,FY2022,Q1
04/05/2022,2022,Q2,2,5,May,May,18,3,Wednesday,Wed,No,Yes,2022-05,2022Q2,4,124,No,No,FY2022,Q1
05/05/2022,2022,Q2,2,5,May,May,18,4,Thursday,Thu,No,Yes,2022-05,2022Q2,5,125,No,No,FY2022,Q1
06/05/2022,2022,Q2,2,5,May,May,18,5,Friday,Fri,No,Yes,2022-05,2022Q2,6,126,No,No,FY2022,Q1
07/05/2022,2022,Q2,2,5,May,May,18,6,Saturday,Sat,Yes,No,2022-05,2022Q2,7,127,No,No,FY2022,Q1
08/05/2022,2022,Q2,2,5,May,May,18,7,Sunday,Sun,Yes,No,2022-05,2022Q2,8,128,No,No,FY2022,Q1
09/05/2022,2022,Q2,2,5,May,May,19,1,Monday,Mon,No,Yes,2022-05,2022Q2,9,129,No,No,FY2022,Q1
10/05/2022,2022,Q2,2,5,May,May,19,2,Tuesday,Tue,No,Yes,2022-05,2022Q2,10,130,No,No,FY2022,Q1
11/05/2022,2022,Q2,2,5,May,May,19,3,Wednesday,Wed,No,Yes,2022-05,2022Q2,11,131,No,No,FY2022,Q1
12/05/2022,2022,Q2,2,5,May,May,19,4,Thursday,Thu,No,Yes,2022-05,2022Q2,12,132,No,No,FY2022,Q1
13/05/2022,2022,Q2,2,5,May,May,19,5,Friday,Fri,No,Yes,2022-05,2022Q2,13,133,No,No,FY2022,Q1
14/05/2022,2022,Q2,2,5,May,May,19,6,Saturday,Sat,Yes,No,2022-05,2022Q2,14,134,No,No,FY2022,Q1
15/05/2022,2022,Q2,2,5,May,May,19,7,Sunday,Sun,Yes,No,2022-05,2022Q2,15,135,No,No,FY2022,Q1
16/05/2022,2022,Q2,2,5,May,May,20,1,Monday,Mon,No,Yes,2022-05,2022Q2,16,136,No,No,FY2022,Q1
17/05/2022,2022,Q2,2,5,May,May,20,2,Tuesday,Tue,No,Yes,2022-05,2022Q2,17,137,No,No,FY2022,Q1
18/05/2022,2022,Q2,2,5,May,May,20,3,Wednesday,Wed,No,Yes,2022-05,2022Q2,18,138,No,No,FY2022,Q1
19/05/2022,2022,Q2,2,5,May,May,20,4,Thursday,Thu,No,Yes,2022-05,2022Q2,19,139,No,No,FY2022,Q1
20/05/2022,2022,Q2,2,5,May,May,20,5,Friday,Fri,No,Yes,2022-05,2022Q2,20,140,No,No,FY2022,Q1
21/05/2022,2022,Q2,2,5,May,May,20,6,Saturday,Sat,Yes,No,2022-05,2022Q2,21,141,No,No,FY2022,Q1
22/05/2022,2022,Q2,2,5,May,May,20,7,Sunday,Sun,Yes,No,2022-05,2022Q2,22,142,No,No,FY2022,Q1
23/05/2022,2022,Q2,2,5,May,May,21,1,Monday,Mon,No,Yes,2022-05,2022Q2,23,143,No,No,FY2022,Q1
24/05/2022,2022,Q2,2,5,May,May,21,2,Tuesday,Tue,No,Yes,2022-05,2022Q2,24,144,No,No,FY2022,Q1
25/05/2022,2022,Q2,2,5,May,May,21,3,Wednesday,Wed,No,Yes,2022-05,2022Q2,25,145,No,No,FY2022,Q1
26/05/2022,2022,Q2,2,5,May,May,21,4,Thursday,Thu,No,Yes,2022-05,2022Q2,26,146,No,No,FY2022,Q1
27/05/2022,2022,Q2,2,5,May,May,21,5,Friday,Fri,No,Yes,2022-05,2022Q2,27,147,No,No,FY2022,Q1
28/05/2022,2022,Q2,2,5,May,May,21,6,Saturday,Sat,Yes,No,2022-05,2022Q2,28,148,No,No,FY2022,Q1
29/05/2022,2022,Q2,2,5,May,May,21,7,Sunday,Sun,Yes,No,2022-05,2022Q2,29,149,No,No,FY2022,Q1
30/05/2022,2022,Q2,2,5,May,May,22,1,Monday,Mon,No,Yes,2022-05,2022Q2,30,150,No,No,FY2022,Q1
31/05/2022,2022,Q2,2,5,May,May,22,2,Tuesday,Tue,No,Yes,2022-05,2022Q2,31,151,No,Yes,FY2022,Q1
01/06/2022,2022,Q2,2,6,June,Jun,22,3,Wednesday,Wed,No,Yes,2022-06,2022Q2,1,152,Yes,No,FY2022,Q1
02/06/2022,2022,Q2,2,6,June,Jun,22,4,Thursday,Thu,No,Yes,2022-06,2022Q2,2,153,No,No,FY2022,Q1
03/06/2022,2022,Q2,2,6,June,Jun,22,5,Friday,Fri,No,Yes,2022-06,2022Q2,3,154,No,No,FY2022,Q1
04/06/2022,2022,Q2,2,6,June,Jun,22,6,Saturday,Sat,Yes,No,2022-06,2022Q2,4,155,No,No,FY2022,Q1
05/06/2022,2022,Q2,2,6,June,Jun,22,7,Sunday,Sun,Yes,No,2022-06,2022Q2,5,156,No,No,FY2022,Q1
06/06/2022,2022,Q2,2,6,June,Jun,23,1,Monday,Mon,No,Yes,2022-06,2022Q2,6,157,No,No,FY2022,Q1
07/06/2022,2022,Q2,2,6,June,Jun,23,2,Tuesday,Tue,No,Yes,2022-06,2022Q2,7,158,No,No,FY2022,Q1
08/06/2022,2022,Q2,2,6,June,Jun,23,3,Wednesday,Wed,No,Yes,2022-06,2022Q2,8,159,No,No,FY2022,Q1
09/06/2022,2022,Q2,2,6,June,Jun,23,4,Thursday,Thu,No,Yes,2022-06,2022Q2,9,160,No,No,FY2022,Q1
10/06/2022,2022,Q2,2,6,June,Jun,23,5,Friday,Fri,No,Yes,2022-06,2022Q2,10,161,No,No,FY2022,Q1
11/06/2022,2022,Q2,2,6,June,Jun,23,6,Saturday,Sat,Yes,No,2022-06,2022Q2,11,162,No,No,FY2022,Q1
12/06/2022,2022,Q2,2,6,June,Jun,23,7,Sunday,Sun,Yes,No,2022-06,2022Q2,12,163,No,No,FY2022,Q1
13/06/2022,2022,Q2,2,6,June,Jun,24,1,Monday,Mon,No,Yes,2022-06,2022Q2,13,164,No,No,FY2022,Q1
14/06/2022,2022,Q2,2,6,June,Jun,24,2,Tuesday,Tue,No,Yes,2022-06,2022Q2,14,165,No,No,FY2022,Q1
15/06/2022,2022,Q2,2,6,June,Jun,24,3,Wednesday,Wed,No,Yes,2022-06,2022Q2,15,166,No,No,FY2022,Q1
16/06/2022,2022,Q2,2,6,June,Jun,24,4,Thursday,Thu,No,Yes,2022-06,2022Q2,16,167,No,No,FY2022,Q1
17/06/2022,2022,Q2,2,6,June,Jun,24,5,Friday,Fri,No,Yes,2022-06,2022Q2,17,168,No,No,FY2022,Q1
18/06/2022,2022,Q2,2,6,June,Jun,24,6,Saturday,Sat,Yes,No,2022-06,2022Q2,18,169,No,No,FY2022,Q1
19/06/2022,2022,Q2,2,6,June,Jun,24,7,Sunday,Sun,Yes,No,2022-06,2022Q2,19,170,No,No,FY2022,Q1
20/06/2022,2022,Q2,2,6,June,Jun,25,1,Monday,Mon,No,Yes,2022-06,2022Q2,20,171,No,No,FY2022,Q1
21/06/2022,2022,Q2,2,6,June,Jun,25,2,Tuesday,Tue,No,Yes,2022-06,2022Q2,21,172,No,No,FY2022,Q1
22/06/2022,2022,Q2,2,6,June,Jun,25,3,Wednesday,Wed,No,Yes,2022-06,2022Q2,22,173,No,No,FY2022,Q1
23/06/2022,2022,Q2,2,6,June,Jun,25,4,Thursday,Thu,No,Yes,2022-06,2022Q2,23,174,No,No,FY2022,Q1
24/06/2022,2022,Q2,2,6,June,Jun,25,5,Friday,Fri,No,Yes,2022-06,2022Q2,24,175,No,No,FY2022,Q1
25/06/2022,2022,Q2,2,6,June,Jun,25,6,Saturday,Sat,Yes,No,2022-06,2022Q2,25,176,No,No,FY2022,Q1
26/06/2022,2022,Q2,2,6,June,Jun,25,7,Sunday,Sun,Yes,No,2022-06,2022Q2,26,177,No,No,FY2022,Q1
27/06/2022,2022,Q2,2,6,June,Jun,26,1,Monday,Mon,No,Yes,2022-06,2022Q2,27,178,No,No,FY2022,Q1
28/06/2022,2022,Q2,2,6,June,Jun,26,2,Tuesday,Tue,No,Yes,2022-06,2022Q2,28,179,No,No,FY2022,Q1
29/06/2022,2022,Q2,2,6,June,Jun,26,3,Wednesday,Wed,No,Yes,2022-06,2022Q2,29,180,No,No,FY2022,Q1
30/06/2022,2022,Q2,2,6,June,Jun,26,4,Thursday,Thu,No,Yes,2022-06,2022Q2,30,181,No,Yes,FY2022,Q1
01/07/2022,2022,Q3,3,7,July,Jul,26,5,Friday,Fri,No,Yes,2022-07,2022Q3,1,182,Yes,No,FY2022,Q2
02/07/2022,2022,Q3,3,7,July,Jul,26,6,Saturday,Sat,Yes,No,2022-07,2022Q3,2,183,No,No,FY2022,Q2
03/07/2022,2022,Q3,3,7,July,Jul,26,7,Sunday,Sun,Yes,No,2022-07,2022Q3,3,184,No,No,FY2022,Q2
04/07/2022,2022,Q3,3,7,July,Jul,27,1,Monday,Mon,No,Yes,2022-07,2022Q3,4,185,No,No,FY2022,Q2
05/07/2022,2022,Q3,3,7,July,Jul,27,2,Tuesday,Tue,No,Yes,2022-07,2022Q3,5,186,No,No,FY2022,Q2
06/07/2022,2022,Q3,3,7,July,Jul,27,3,Wednesday,Wed,No,Yes,2022-07,2022Q3,6,187,No,No,FY2022,Q2
07/07/2022,2022,Q3,3,7,July,Jul,27,4,Thursday,Thu,No,Yes,2022-07,2022Q3,7,188,No,No,FY2022,Q2
08/07/2022,2022,Q3,3,7,July,Jul,27,5,Friday,Fri,No,Yes,2022-07,2022Q3,8,189,No,No,FY2022,Q2
09/07/2022,2022,Q3,3,7,July,Jul,27,6,Saturday,Sat,Yes,No,2022-07,2022Q3,9,190,No,No,FY2022,Q2
10/07/2022,2022,Q3,3,7,July,Jul,27,7,Sunday,Sun,Yes,No,2022-07,2022Q3,10,191,No,No,FY2022,Q2
11/07/2022,2022,Q3,3,7,July,Jul,28,1,Monday,Mon,No,Yes,2022-07,2022Q3,11,192,No,No,FY2022,Q2
12/07/2022,2022,Q3,3,7,July,Jul,28,2,Tuesday,Tue,No,Yes,2022-07,2022Q3,12,193,No,No,FY2022,Q2
13/07/2022,2022,Q3,3,7,July,Jul,28,3,Wednesday,Wed,No,Yes,2022-07,2022Q3,13,194,No,No,FY2022,Q2
14/07/2022,2022,Q3,3,7,July,Jul,28,4,Thursday,Thu,No,Yes,2022-07,2022Q3,14,195,No,No,FY2022,Q2
15/07/2022,2022,Q3,3,7,July,Jul,28,5,Friday,Fri,No,Yes,2022-07,2022Q3,15,196,No,No,FY2022,Q2
16/07/2022,2022,Q3,3,7,July,Jul,28,6,Saturday,Sat,Yes,No,2022-07,2022Q3,16,197,No,No,FY2022,Q2
17/07/2022,2022,Q3,3,7,July,Jul,28,7,Sunday,Sun,Yes,No,2022-07,2022Q3,17,198,No,No,FY2022,Q2
18/07/2022,2022,Q3,3,7,July,Jul,29,1,Monday,Mon,No,Yes,2022-07,2022Q3,18,199,No,No,FY2022,Q2
19/07/2022,2022,Q3,3,7,July,Jul,29,2,Tuesday,Tue,No,Yes,2022-07,2022Q3,19,200,No,No,FY2022,Q2
20/07/2022,2022,Q3,3,7,July,Jul,29,3,Wednesday,Wed,No,Yes,2022-07,2022Q3,20,201,No,No,FY2022,Q2
21/07/2022,2022,Q3,3,7,July,Jul,29,4,Thursday,Thu,No,Yes,2022-07,2022Q3,21,202,No,No,FY2022,Q2
22/07/2022,2022,Q3,3,7,July,Jul,29,5,Friday,Fri,No,Yes,2022-07,2022Q3,22,203,No,No,FY2022,Q2
23/07/2022,2022,Q3,3,7,July,Jul,29,6,Saturday,Sat,Yes,No,2022-07,2022Q3,23,204,No,No,FY2022,Q2
24/07/2022,2022,Q3,3,7,July,Jul,29,7,Sunday,Sun,Yes,No,2022-07,2022Q3,24,205,No,No,FY2022,Q2
25/07/2022,2022,Q3,3,7,July,Jul,30,1,Monday,Mon,No,Yes,2022-07,2022Q3,25,206,No,No,FY2022,Q2
26/07/2022,2022,Q3,3,7,July,Jul,30,2,Tuesday,Tue,No,Yes,2022-07,2022Q3,26,207,No,No,FY2022,Q2
27/07/2022,2022,Q3,3,7,July,Jul,30,3,Wednesday,Wed,No,Yes,2022-07,2022Q3,27,208,No,No,FY2022,Q2
28/07/2022,2022,Q3,3,7,July,Jul,30,4,Thursday,Thu,No,Yes,2022-07,2022Q3,28,209,No,No,FY2022,Q2
29/07/2022,2022,Q3,3,7,July,Jul,30,5,Friday,Fri,No,Yes,2022-07,2022Q3,29,210,No,No,FY2022,Q2
30/07/2022,2022,Q3,3,7,July,Jul,30,6,Saturday,Sat,Yes,No,2022-07,2022Q3,30,211,No,No,FY2022,Q2
31/07/2022,2022,Q3,3,7,July,Jul,30,7,Sunday,Sun,Yes,No,2022-07,2022Q3,31,212,No,Yes,FY2022,Q2
01/08/2022,2022,Q3,3,8,August,Aug,31,1,Monday,Mon,No,Yes,2022-08,2022Q3,1,213,Yes,No,FY2022,Q2
02/08/2022,2022,Q3,3,8,August,Aug,31,2,Tuesday,Tue,No,Yes,2022-08,2022Q3,2,214,No,No,FY2022,Q2
03/08/2022,2022,Q3,3,8,August,Aug,31,3,Wednesday,Wed,No,Yes,2022-08,2022Q3,3,215,No,No,FY2022,Q2
04/08/2022,2022,Q3,3,8,August,Aug,31,4,Thursday,Thu,No,Yes,2022-08,2022Q3,4,216,No,No,FY2022,Q2
05/08/2022,2022,Q3,3,8,August,Aug,31,5,Friday,Fri,No,Yes,2022-08,2022Q3,5,217,No,No,FY2022,Q2
06/08/2022,2022,Q3,3,8,August,Aug,31,6,Saturday,Sat,Yes,No,2022-08,2022Q3,6,218,No,No,FY2022,Q2
07/08/2022,2022,Q3,3,8,August,Aug,31,7,Sunday,Sun,Yes,No,2022-08,2022Q3,7,219,No,No,FY2022,Q2
08/08/2022,2022,Q3,3,8,August,Aug,32,1,Monday,Mon,No,Yes,2022-08,2022Q3,8,220,No,No,FY2022,Q2
09/08/2022,2022,Q3,3,8,August,Aug,32,2,Tuesday,Tue,No,Yes,2022-08,2022Q3,9,221,No,No,FY2022,Q2
10/08/2022,2022,Q3,3,8,August,Aug,32,3,Wednesday,Wed,No,Yes,2022-08,2022Q3,10,222,No,No,FY2022,Q2
11/08/2022,2022,Q3,3,8,August,Aug,32,4,Thursday,Thu,No,Yes,2022-08,2022Q3,11,223,No,No,FY2022,Q2
12/08/2022,2022,Q3,3,8,August,Aug,32,5,Friday,Fri,No,Yes,2022-08,2022Q3,12,224,No,No,FY2022,Q2
13/08/2022,2022,Q3,3,8,August,Aug,32,6,Saturday,Sat,Yes,No,2022-08,2022Q3,13,225,No,No,FY2022,Q2
14/08/2022,2022,Q3,3,8,August,Aug,32,7,Sunday,Sun,Yes,No,2022-08,2022Q3,14,226,No,No,FY2022,Q2
15/08/2022,2022,Q3,3,8,August,Aug,33,1,Monday,Mon,No,Yes,2022-08,2022Q3,15,227,No,No,FY2022,Q2
16/08/2022,2022,Q3,3,8,August,Aug,33,2,Tuesday,Tue,No,Yes,2022-08,2022Q3,16,228,No,No,FY2022,Q2
17/08/2022,2022,Q3,3,8,August,Aug,33,3,Wednesday,Wed,No,Yes,2022-08,2022Q3,17,229,No,No,FY2022,Q2
18/08/2022,2022,Q3,3,8,August,Aug,33,4,Thursday,Thu,No,Yes,2022-08,2022Q3,18,230,No,No,FY2022,Q2
19/08/2022,2022,Q3,3,8,August,Aug,33,5,Friday,Fri,No,Yes,2022-08,2022Q3,19,231,No,No,FY2022,Q2
20/08/2022,2022,Q3,3,8,August,Aug,33,6,Saturday,Sat,Yes,No,2022-08,2022Q3,20,232,No,No,FY2022,Q2
21/08/2022,2022,Q3,3,8,August,Aug,33,7,Sunday,Sun,Yes,No,2022-08,2022Q3,21,233,No,No,FY2022,Q2
22/08/2022,2022,Q3,3,8,August,Aug,34,1,Monday,Mon,No,Yes,2022-08,2022Q3,22,234,No,No,FY2022,Q2
23/08/2022,2022,Q3,3,8,August,Aug,34,2,Tuesday,Tue,No,Yes,2022-08,2022Q3,23,235,No,No,FY2022,Q2
24/08/2022,2022,Q3,3,8,August,Aug,34,3,Wednesday,Wed,No,Yes,2022-08,2022Q3,24,236,No,No,FY2022,Q2
25/08/2022,2022,Q3,3,8,August,Aug,34,4,Thursday,Thu,No,Yes,2022-08,2022Q3,25,237,No,No,FY2022,Q2
26/08/2022,2022,Q3,3,8,August,Aug,34,5,Friday,Fri,No,Yes,2022-08,2022Q3,26,238,No,No,FY2022,Q2
27/08/2022,2022,Q3,3,8,August,Aug,34,6,Saturday,Sat,Yes,No,2022-08,2022Q3,27,239,No,No,FY2022,Q2
28/08/2022,2022,Q3,3,8,August,Aug,34,7,Sunday,Sun,Yes,No,2022-08,2022Q3,28,240,No,No,FY2022,Q2
29/08/2022,2022,Q3,3,8,August,Aug,35,1,Monday,Mon,No,Yes,2022-08,2022Q3,29,241,No,No,FY2022,Q2
30/08/2022,2022,Q3,3,8,August,Aug,35,2,Tuesday,Tue,No,Yes,2022-08,2022Q3,30,242,No,No,FY2022,Q2
31/08/2022,2022,Q3,3,8,August,Aug,35,3,Wednesday,Wed,No,Yes,2022-08,2022Q3,31,243,No,Yes,FY2022,Q2
01/09/2022,2022,Q3,3,9,September,Sep,35,4,Thursday,Thu,No,Yes,2022-09,2022Q3,1,244,Yes,No,FY2022,Q2
02/09/2022,2022,Q3,3,9,September,Sep,35,5,Friday,Fri,No,Yes,2022-09,2022Q3,2,245,No,No,FY2022,Q2
03/09/2022,2022,Q3,3,9,September,Sep,35,6,Saturday,Sat,Yes,No,2022-09,2022Q3,3,246,No,No,FY2022,Q2
04/09/2022,2022,Q3,3,9,September,Sep,35,7,Sunday,Sun,Yes,No,2022-09,2022Q3,4,247,No,No,FY2022,Q2
05/09/2022,2022,Q3,3,9,September,Sep,36,1,Monday,Mon,No,Yes,2022-09,2022Q3,5,248,No,No,FY2022,Q2
06/09/2022,2022,Q3,3,9,September,Sep,36,2,Tuesday,Tue,No,Yes,2022-09,2022Q3,6,249,No,No,FY2022,Q2
07/09/2022,2022,Q3,3,9,September,Sep,36,3,Wednesday,Wed,No,Yes,2022-09,2022Q3,7,250,No,No,FY2022,Q2
08/09/2022,2022,Q3,3,9,September,Sep,36,4,Thursday,Thu,No,Yes,2022-09,2022Q3,8,251,No,No,FY2022,Q2
09/09/2022,2022,Q3,3,9,September,Sep,36,5,Friday,Fri,No,Yes,2022-09,2022Q3,9,252,No,No,FY2022,Q2
10/09/2022,2022,Q3,3,9,September,Sep,36,6,Saturday,Sat,Yes,No,2022-09,2022Q3,10,253,No,No,FY2022,Q2
11/09/2022,2022,Q3,3,9,September,Sep,36,7,Sunday,Sun,Yes,No,2022-09,2022Q3,11,254,No,No,FY2022,Q2
12/09/2022,2022,Q3,3,9,September,Sep,37,1,Monday,Mon,No,Yes,2022-09,2022Q3,12,255,No,No,FY2022,Q2
13/09/2022,2022,Q3,3,9,September,Sep,37,2,Tuesday,Tue,No,Yes,2022-09,2022Q3,13,256,No,No,FY2022,Q2
14/09/2022,2022,Q3,3,9,September,Sep,37,3,Wednesday,Wed,No,Yes,2022-09,2022Q3,14,257,No,No,FY2022,Q2
15/09/2022,2022,Q3,3,9,September,Sep,37,4,Thursday,Thu,No,Yes,2022-09,2022Q3,15,258,No,No,FY2022,Q2
16/09/2022,2022,Q3,3,9,September,Sep,37,5,Friday,Fri,No,Yes,2022-09,2022Q3,16,259,No,No,FY2022,Q2
17/09/2022,2022,Q3,3,9,September,Sep,37,6,Saturday,Sat,Yes,No,2022-09,2022Q3,17,260,No,No,FY2022,Q2
18/09/2022,2022,Q3,3,9,September,Sep,37,7,Sunday,Sun,Yes,No,2022-09,2022Q3,18,261,No,No,FY2022,Q2
19/09/2022,2022,Q3,3,9,September,Sep,38,1,Monday,Mon,No,Yes,2022-09,2022Q3,19,262,No,No,FY2022,Q2
20/09/2022,2022,Q3,3,9,September,Sep,38,2,Tuesday,Tue,No,Yes,2022-09,2022Q3,20,263,No,No,FY2022,Q2
21/09/2022,2022,Q3,3,9,September,Sep,38,3,Wednesday,Wed,No,Yes,2022-09,2022Q3,21,264,No,No,FY2022,Q2
22/09/2022,2022,Q3,3,9,September,Sep,38,4,Thursday,Thu,No,Yes,2022-09,2022Q3,22,265,No,No,FY2022,Q2
23/09/2022,2022,Q3,3,9,September,Sep,38,5,Friday,Fri,No,Yes,2022-09,2022Q3,23,266,No,No,FY2022,Q2
24/09/2022,2022,Q3,3,9,September,Sep,38,6,Saturday,Sat,Yes,No,2022-09,2022Q3,24,267,No,No,FY2022,Q2
25/09/2022,2022,Q3,3,9,September,Sep,38,7,Sunday,Sun,Yes,No,2022-09,2022Q3,25,268,No,No,FY2022,Q2
26/09/2022,2022,Q3,3,9,September,Sep,39,1,Monday,Mon,No,Yes,2022-09,2022Q3,26,269,No,No,FY2022,Q2
27/09/2022,2022,Q3,3,9,September,Sep,39,2,Tuesday,Tue,No,Yes,2022-09,2022Q3,27,270,No,No,FY2022,Q2
28/09/2022,2022,Q3,3,9,September,Sep,39,3,Wednesday,Wed,No,Yes,2022-09,2022Q3,28,271,No,No,FY2022,Q2
29/09/2022,2022,Q3,3,9,September,Sep,39,4,Thursday,Thu,No,Yes,2022-09,2022Q3,29,272,No,No,FY2022,Q2
30/09/2022,2022,Q3,3,9,September,Sep,39,5,Friday,Fri,No,Yes,2022-09,2022Q3,30,273,No,Yes,FY2022,Q2
01/10/2022,2022,Q4,4,10,October,Oct,39,6,Saturday,Sat,Yes,No,2022-10,2022Q4,1,274,Yes,No,FY2022,Q3
02/10/2022,2022,Q4,4,10,October,Oct,39,7,Sunday,Sun,Yes,No,2022-10,2022Q4,2,275,No,No,FY2022,Q3
03/10/2022,2022,Q4,4,10,October,Oct,40,1,Monday,Mon,No,Yes,2022-10,2022Q4,3,276,No,No,FY2022,Q3
04/10/2022,2022,Q4,4,10,October,Oct,40,2,Tuesday,Tue,No,Yes,2022-10,2022Q4,4,277,No,No,FY2022,Q3
05/10/2022,2022,Q4,4,10,October,Oct,40,3,Wednesday,Wed,No,Yes,2022-10,2022Q4,5,278,No,No,FY2022,Q3
06/10/2022,2022,Q4,4,10,October,Oct,40,4,Thursday,Thu,No,Yes,2022-10,2022Q4,6,279,No,No,FY2022,Q3
07/10/2022,2022,Q4,4,10,October,Oct,40,5,Friday,Fri,No,Yes,2022-10,2022Q4,7,280,No,No,FY2022,Q3
08/10/2022,2022,Q4,4,10,October,Oct,40,6,Saturday,Sat,Yes,No,2022-10,2022Q4,8,281,No,No,FY2022,Q3
09/10/2022,2022,Q4,4,10,October,Oct,40,7,Sunday,Sun,Yes,No,2022-10,2022Q4,9,282,No,No,FY2022,Q3
10/10/2022,2022,Q4,4,10,October,Oct,41,1,Monday,Mon,No,Yes,2022-10,2022Q4,10,283,No,No,FY2022,Q3
11/10/2022,2022,Q4,4,10,October,Oct,41,2,Tuesday,Tue,No,Yes,2022-10,2022Q4,11,284,No,No,FY2022,Q3
12/10/2022,2022,Q4,4,10,October,Oct,41,3,Wednesday,Wed,No,Yes,2022-10,2022Q4,12,285,No,No,FY2022,Q3
13/10/2022,2022,Q4,4,10,October,Oct,41,4,Thursday,Thu,No,Yes,2022-10,2022Q4,13,286,No,No,FY2022,Q3
14/10/2022,2022,Q4,4,10,October,Oct,41,5,Friday,Fri,No,Yes,2022-10,2022Q4,14,287,No,No,FY2022,Q3
15/10/2022,2022,Q4,4,10,October,Oct,41,6,Saturday,Sat,Yes,No,2022-10,2022Q4,15,288,No,No,FY2022,Q3
16/10/2022,2022,Q4,4,10,October,Oct,41,7,Sunday,Sun,Yes,No,2022-10,2022Q4,16,289,No,No,FY2022,Q3
17/10/2022,2022,Q4,4,10,October,Oct,42,1,Monday,Mon,No,Yes,2022-10,2022Q4,17,290,No,No,FY2022,Q3
18/10/2022,2022,Q4,4,10,October,Oct,42,2,Tuesday,Tue,No,Yes,2022-10,2022Q4,18,291,No,No,FY2022,Q3
19/10/2022,2022,Q4,4,10,October,Oct,42,3,Wednesday,Wed,No,Yes,2022-10,2022Q4,19,292,No,No,FY2022,Q3
20/10/2022,2022,Q4,4,10,October,Oct,42,4,Thursday,Thu,No,Yes,2022-10,2022Q4,20,293,No,No,FY2022,Q3
21/10/2022,2022,Q4,4,10,October,Oct,42,5,Friday,Fri,No,Yes,2022-10,2022Q4,21,294,No,No,FY2022,Q3
22/10/2022,2022,Q4,4,10,October,Oct,42,6,Saturday,Sat,Yes,No,2022-10,2022Q4,22,295,No,No,FY2022,Q3
23/10/2022,2022,Q4,4,10,October,Oct,42,7,Sunday,Sun,Yes,No,2022-10,2022Q4,23,296,No,No,FY2022,Q3
24/10/2022,2022,Q4,4,10,October,Oct,43,1,Monday,Mon,No,Yes,2022-10,2022Q4,24,297,No,No,FY2022,Q3
25/10/2022,2022,Q4,4,10,October,Oct,43,2,Tuesday,Tue,No,Yes,2022-10,2022Q4,25,298,No,No,FY2022,Q3
26/10/2022,2022,Q4,4,10,October,Oct,43,3,Wednesday,Wed,No,Yes,2022-10,2022Q4,26,299,No,No,FY2022,Q3
27/10/2022,2022,Q4,4,10,October,Oct,43,4,Thursday,Thu,No,Yes,2022-10,2022Q4,27,300,No,No,FY2022,Q3
28/10/2022,2022,Q4,4,10,October,Oct,43,5,Friday,Fri,No,Yes,2022-10,2022Q4,28,301,No,No,FY2022,Q3
29/10/2022,2022,Q4,4,10,October,Oct,43,6,Saturday,Sat,Yes,No,2022-10,2022Q4,29,302,No,No,FY2022,Q3
30/10/2022,2022,Q4,4,10,October,Oct,43,7,Sunday,Sun,Yes,No,2022-10,2022Q4,30,303,No,No,FY2022,Q3
31/10/2022,2022,Q4,4,10,October,Oct,44,1,Monday,Mon,No,Yes,2022-10,2022Q4,31,304,No,Yes,FY2022,Q3
01/11/2022,2022,Q4,4,11,November,Nov,44,2,Tuesday,Tue,No,Yes,2022-11,2022Q4,1,305,Yes,No,FY2022,Q3
02/11/2022,2022,Q4,4,11,November,Nov,44,3,Wednesday,Wed,No,Yes,2022-11,2022Q4,2,306,No,No,FY2022,Q3
03/11/2022,2022,Q4,4,11,November,Nov,44,4,Thursday,Thu,No,Yes,2022-11,2022Q4,3,307,No,No,FY2022,Q3
04/11/2022,2022,Q4,4,11,November,Nov,44,5,Friday,Fri,No,Yes,2022-11,2022Q4,4,308,No,No,FY2022,Q3
05/11/2022,2022,Q4,4,11,November,Nov,44,6,Saturday,Sat,Yes,No,2022-11,2022Q4,5,309,No,No,FY2022,Q3
06/11/2022,2022,Q4,4,11,November,Nov,44,7,Sunday,Sun,Yes,No,2022-11,2022Q4,6,310,No,No,FY2022,Q3
07/11/2022,2022,Q4,4,11,November,Nov,45,1,Monday,Mon,No,Yes,2022-11,2022Q4,7,311,No,No,FY2022,Q3
08/11/2022,2022,Q4,4,11,November,Nov,45,2,Tuesday,Tue,No,Yes,2022-11,2022Q4,8,312,No,No,FY2022,Q3
09/11/2022,2022,Q4,4,11,November,Nov,45,3,Wednesday,Wed,No,Yes,2022-11,2022Q4,9,313,No,No,FY2022,Q3
10/11/2022,2022,Q4,4,11,November,Nov,45,4,Thursday,Thu,No,Yes,2022-11,2022Q4,10,314,No,No,FY2022,Q3
11/11/2022,2022,Q4,4,11,November,Nov,45,5,Friday,Fri,No,Yes,2022-11,2022Q4,11,315,No,No,FY2022,Q3
12/11/2022,2022,Q4,4,11,November,Nov,45,6,Saturday,Sat,Yes,No,2022-11,2022Q4,12,316,No,No,FY2022,Q3
13/11/2022,2022,Q4,4,11,November,Nov,45,7,Sunday,Sun,Yes,No,2022-11,2022Q4,13,317,No,No,FY2022,Q3
14/11/2022,2022,Q4,4,11,November,Nov,46,1,Monday,Mon,No,Yes,2022-11,2022Q4,14,318,No,No,FY2022,Q3
15/11/2022,2022,Q4,4,11,November,Nov,46,2,Tuesday,Tue,No,Yes,2022-11,2022Q4,15,319,No,No,FY2022,Q3
16/11/2022,2022,Q4,4,11,November,Nov,46,3,Wednesday,Wed,No,Yes,2022-11,2022Q4,16,320,No,No,FY2022,Q3
17/11/2022,2022,Q4,4,11,November,Nov,46,4,Thursday,Thu,No,Yes,2022-11,2022Q4,17,321,No,No,FY2022,Q3
18/11/2022,2022,Q4,4,11,November,Nov,46,5,Friday,Fri,No,Yes,2022-11,2022Q4,18,322,No,No,FY2022,Q3
19/11/2022,2022,Q4,4,11,November,Nov,46,6,Saturday,Sat,Yes,No,2022-11,2022Q4,19,323,No,No,FY2022,Q3
20/11/2022,2022,Q4,4,11,November,Nov,46,7,Sunday,Sun,Yes,No,2022-11,2022Q4,20,324,No,No,FY2022,Q3
21/11/2022,2022,Q4,4,11,November,Nov,47,1,Monday,Mon,No,Yes,2022-11,2022Q4,21,325,No,No,FY2022,Q3
22/11/2022,2022,Q4,4,11,November,Nov,47,2,Tuesday,Tue,No,Yes,2022-11,2022Q4,22,326,No,No,FY2022,Q3
23/11/2022,2022,Q4,4,11,November,Nov,47,3,Wednesday,Wed,No,Yes,2022-11,2022Q4,23,327,No,No,FY2022,Q3
24/11/2022,2022,Q4,4,11,November,Nov,47,4,Thursday,Thu,No,Yes,2022-11,2022Q4,24,328,No,No,FY2022,Q3
25/11/2022,2022,Q4,4,11,November,Nov,47,5,Friday,Fri,No,Yes,2022-11,2022Q4,25,329,No,No,FY2022,Q3
26/11/2022,2022,Q4,4,11,November,Nov,47,6,Saturday,Sat,Yes,No,2022-11,2022Q4,26,330,No,No,FY2022,Q3
27/11/2022,2022,Q4,4,11,November,Nov,47,7,Sunday,Sun,Yes,No,2022-11,2022Q4,27,331,No,No,FY2022,Q3
28/11/2022,2022,Q4,4,11,November,Nov,48,1,Monday,Mon,No,Yes,2022-11,2022Q4,28,332,No,No,FY2022,Q3
29/11/2022,2022,Q4,4,11,November,Nov,48,2,Tuesday,Tue,No,Yes,2022-11,2022Q4,29,333,No,No,FY2022,Q3
30/11/2022,2022,Q4,4,11,November,Nov,48,3,Wednesday,Wed,No,Yes,2022-11,2022Q4,30,334,No,Yes,FY2022,Q3
01/12/2022,2022,Q4,4,12,December,Dec,48,4,Thursday,Thu,No,Yes,2022-12,2022Q4,1,335,Yes,No,FY2022,Q3
02/12/2022,2022,Q4,4,12,December,Dec,48,5,Friday,Fri,No,Yes,2022-12,2022Q4,2,336,No,No,FY2022,Q3
03/12/2022,2022,Q4,4,12,December,Dec,48,6,Saturday,Sat,Yes,No,2022-12,2022Q4,3,337,No,No,FY2022,Q3
04/12/2022,2022,Q4,4,12,December,Dec,48,7,Sunday,Sun,Yes,No,2022-12,2022Q4,4,338,No,No,FY2022,Q3
05/12/2022,2022,Q4,4,12,December,Dec,49,1,Monday,Mon,No,Yes,2022-12,2022Q4,5,339,No,No,FY2022,Q3
06/12/2022,2022,Q4,4,12,December,Dec,49,2,Tuesday,Tue,No,Yes,2022-12,2022Q4,6,340,No,No,FY2022,Q3
07/12/2022,2022,Q4,4,12,December,Dec,49,3,Wednesday,Wed,No,Yes,2022-12,2022Q4,7,341,No,No,FY2022,Q3
08/12/2022,2022,Q4,4,12,December,Dec,49,4,Thursday,Thu,No,Yes,2022-12,2022Q4,8,342,No,No,FY2022,Q3
09/12/2022,2022,Q4,4,12,December,Dec,49,5,Friday,Fri,No,Yes,2022-12,2022Q4,9,343,No,No,FY2022,Q3
10/12/2022,2022,Q4,4,12,December,Dec,49,6,Saturday,Sat,Yes,No,2022-12,2022Q4,10,344,No,No,FY2022,Q3
11/12/2022,2022,Q4,4,12,December,Dec,49,7,Sunday,Sun,Yes,No,2022-12,2022Q4,11,345,No,No,FY2022,Q3
12/12/2022,2022,Q4,4,12,December,Dec,50,1,Monday,Mon,No,Yes,2022-12,2022Q4,12,346,No,No,FY2022,Q3
13/12/2022,2022,Q4,4,12,December,Dec,50,2,Tuesday,Tue,No,Yes,2022-12,2022Q4,13,347,No,No,FY2022,Q3
14/12/2022,2022,Q4,4,12,December,Dec,50,3,Wednesday,Wed,No,Yes,2022-12,2022Q4,14,348,No,No,FY2022,Q3
15/12/2022,2022,Q4,4,12,December,Dec,50,4,Thursday,Thu,No,Yes,2022-12,2022Q4,15,349,No,No,FY2022,Q3
16/12/2022,2022,Q4,4,12,December,Dec,50,5,Friday,Fri,No,Yes,2022-12,2022Q4,16,350,No,No,FY2022,Q3
17/12/2022,2022,Q4,4,12,December,Dec,50,6,Saturday,Sat,Yes,No,2022-12,2022Q4,17,351,No,No,FY2022,Q3
18/12/2022,2022,Q4,4,12,December,Dec,50,7,Sunday,Sun,Yes,No,2022-12,2022Q4,18,352,No,No,FY2022,Q3
19/12/2022,2022,Q4,4,12,December,Dec,51,1,Monday,Mon,No,Yes,2022-12,2022Q4,19,353,No,No,FY2022,Q3
20/12/2022,2022,Q4,4,12,December,Dec,51,2,Tuesday,Tue,No,Yes,2022-12,2022Q4,20,354,No,No,FY2022,Q3
21/12/2022,2022,Q4,4,12,December,Dec,51,3,Wednesday,Wed,No,Yes,2022-12,2022Q4,21,355,No,No,FY2022,Q3
22/12/2022,2022,Q4,4,12,December,Dec,51,4,Thursday,Thu,No,Yes,2022-12,2022Q4,22,356,No,No,FY2022,Q3
23/12/2022,2022,Q4,4,12,December,Dec,51,5,Friday,Fri,No,Yes,2022-12,2022Q4,23,357,No,No,FY2022,Q3
24/12/2022,2022,Q4,4,12,December,Dec,51,6,Saturday,Sat,Yes,No,2022-12,2022Q4,24,358,No,No,FY2022,Q3
25/12/2022,2022,Q4,4,12,December,Dec,51,7,Sunday,Sun,Yes,No,2022-12,2022Q4,25,359,No,No,FY2022,Q3
26/12/2022,2022,Q4,4,12,December,Dec,52,1,Monday,Mon,No,Yes,2022-12,2022Q4,26,360,No,No,FY2022,Q3
27/12/2022,2022,Q4,4,12,December,Dec,52,2,Tuesday,Tue,No,Yes,2022-12,2022Q4,27,361,No,No,FY2022,Q3
28/12/2022,2022,Q4,4,12,December,Dec,52,3,Wednesday,Wed,No,Yes,2022-12,2022Q4,28,362,No,No,FY2022,Q3
29/12/2022,2022,Q4,4,12,December,Dec,52,4,Thursday,Thu,No,Yes,2022-12,2022Q4,29,363,No,No,FY2022,Q3
30/12/2022,2022,Q4,4,12,December,Dec,52,5,Friday,Fri,No,Yes,2022-12,2022Q4,30,364,No,No,FY2022,Q3
31/12/2022,2022,Q4,4,12,December,Dec,52,6,Saturday,Sat,Yes,No,2022-12,2022Q4,31,365,No,Yes,FY2022,Q3
01/01/2023,2023,Q1,1,1,January,Jan,52,7,Sunday,Sun,Yes,No,2023-01,2023Q1,1,1,Yes,No,FY2022,Q4
02/01/2023,2023,Q1,1,1,January,Jan,1,1,Monday,Mon,No,Yes,2023-01,2023Q1,2,2,No,No,FY2022,Q4
03/01/2023,2023,Q1,1,1,January,Jan,1,2,Tuesday,Tue,No,Yes,2023-01,2023Q1,3,3,No,No,FY2022,Q4
04/01/2023,2023,Q1,1,1,January,Jan,1,3,Wednesday,Wed,No,Yes,2023-01,2023Q1,4,4,No,No,FY2022,Q4
05/01/2023,2023,Q1,1,1,January,Jan,1,4,Thursday,Thu,No,Yes,2023-01,2023Q1,5,5,No,No,FY2022,Q4
06/01/2023,2023,Q1,1,1,January,Jan,1,5,Friday,Fri,No,Yes,2023-01,2023Q1,6,6,No,No,FY2022,Q4
07/01/2023,2023,Q1,1,1,January,Jan,1,6,Saturday,Sat,Yes,No,2023-01,2023Q1,7,7,No,No,FY2022,Q4
08/01/2023,2023,Q1,1,1,January,Jan,1,7,Sunday,Sun,Yes,No,2023-01,2023Q1,8,8,No,No,FY2022,Q4
09/01/2023,2023,Q1,1,1,January,Jan,2,1,Monday,Mon,No,Yes,2023-01,2023Q1,9,9,No,No,FY2022,Q4
10/01/2023,2023,Q1,1,1,January,Jan,2,2,Tuesday,Tue,No,Yes,2023-01,2023Q1,10,10,No,No,FY2022,Q4
11/01/2023,2023,Q1,1,1,January,Jan,2,3,Wednesday,Wed,No,Yes,2023-01,2023Q1,11,11,No,No,FY2022,Q4
12/01/2023,2023,Q1,1,1,January,Jan,2,4,Thursday,Thu,No,Yes,2023-01,2023Q1,12,12,No,No,FY2022,Q4
13/01/2023,2023,Q1,1,1,January,Jan,2,5,Friday,Fri,No,Yes,2023-01,2023Q1,13,13,No,No,FY2022,Q4
14/01/2023,2023,Q1,1,1,January,Jan,2,6,Saturday,Sat,Yes,No,2023-01,2023Q1,14,14,No,No,FY2022,Q4
15/01/2023,2023,Q1,1,1,January,Jan,2,7,Sunday,Sun,Yes,No,2023-01,2023Q1,15,15,No,No,FY2022,Q4
16/01/2023,2023,Q1,1,1,January,Jan,3,1,Monday,Mon,No,Yes,2023-01,2023Q1,16,16,No,No,FY2022,Q4
17/01/2023,2023,Q1,1,1,January,Jan,3,2,Tuesday,Tue,No,Yes,2023-01,2023Q1,17,17,No,No,FY2022,Q4
18/01/2023,2023,Q1,1,1,January,Jan,3,3,Wednesday,Wed,No,Yes,2023-01,2023Q1,18,18,No,No,FY2022,Q4
19/01/2023,2023,Q1,1,1,January,Jan,3,4,Thursday,Thu,No,Yes,2023-01,2023Q1,19,19,No,No,FY2022,Q4
20/01/2023,2023,Q1,1,1,January,Jan,3,5,Friday,Fri,No,Yes,2023-01,2023Q1,20,20,No,No,FY2022,Q4
21/01/2023,2023,Q1,1,1,January,Jan,3,6,Saturday,Sat,Yes,No,2023-01,2023Q1,21,21,No,No,FY2022,Q4
22/01/2023,2023,Q1,1,1,January,Jan,3,7,Sunday,Sun,Yes,No,2023-01,2023Q1,22,22,No,No,FY2022,Q4
23/01/2023,2023,Q1,1,1,January,Jan,4,1,Monday,Mon,No,Yes,2023-01,2023Q1,23,23,No,No,FY2022,Q4
24/01/2023,2023,Q1,1,1,January,Jan,4,2,Tuesday,Tue,No,Yes,2023-01,2023Q1,24,24,No,No,FY2022,Q4
25/01/2023,2023,Q1,1,1,January,Jan,4,3,Wednesday,Wed,No,Yes,2023-01,2023Q1,25,25,No,No,FY2022,Q4
26/01/2023,2023,Q1,1,1,January,Jan,4,4,Thursday,Thu,No,Yes,2023-01,2023Q1,26,26,No,No,FY2022,Q4
27/01/2023,2023,Q1,1,1,January,Jan,4,5,Friday,Fri,No,Yes,2023-01,2023Q1,27,27,No,No,FY2022,Q4
28/01/2023,2023,Q1,1,1,January,Jan,4,6,Saturday,Sat,Yes,No,2023-01,2023Q1,28,28,No,No,FY2022,Q4
29/01/2023,2023,Q1,1,1,January,Jan,4,7,Sunday,Sun,Yes,No,2023-01,2023Q1,29,29,No,No,FY2022,Q4
30/01/2023,2023,Q1,1,1,January,Jan,5,1,Monday,Mon,No,Yes,2023-01,2023Q1,30,30,No,No,FY2022,Q4
31/01/2023,2023,Q1,1,1,January,Jan,5,2,Tuesday,Tue,No,Yes,2023-01,2023Q1,31,31,No,Yes,FY2022,Q4
01/02/2023,2023,Q1,1,2,February,Feb,5,3,Wednesday,Wed,No,Yes,2023-02,2023Q1,1,32,Yes,No,FY2022,Q4
02/02/2023,2023,Q1,1,2,February,Feb,5,4,Thursday,Thu,No,Yes,2023-02,2023Q1,2,33,No,No,FY2022,Q4
03/02/2023,2023,Q1,1,2,February,Feb,5,5,Friday,Fri,No,Yes,2023-02,2023Q1,3,34,No,No,FY2022,Q4
04/02/2023,2023,Q1,1,2,February,Feb,5,6,Saturday,Sat,Yes,No,2023-02,2023Q1,4,35,No,No,FY2022,Q4
05/02/2023,2023,Q1,1,2,February,Feb,5,7,Sunday,Sun,Yes,No,2023-02,2023Q1,5,36,No,No,FY2022,Q4
06/02/2023,2023,Q1,1,2,February,Feb,6,1,Monday,Mon,No,Yes,2023-02,2023Q1,6,37,No,No,FY2022,Q4
07/02/2023,2023,Q1,1,2,February,Feb,6,2,Tuesday,Tue,No,Yes,2023-02,2023Q1,7,38,No,No,FY2022,Q4
08/02/2023,2023,Q1,1,2,February,Feb,6,3,Wednesday,Wed,No,Yes,2023-02,2023Q1,8,39,No,No,FY2022,Q4
09/02/2023,2023,Q1,1,2,February,Feb,6,4,Thursday,Thu,No,Yes,2023-02,2023Q1,9,40,No,No,FY2022,Q4
10/02/2023,2023,Q1,1,2,February,Feb,6,5,Friday,Fri,No,Yes,2023-02,2023Q1,10,41,No,No,FY2022,Q4
11/02/2023,2023,Q1,1,2,February,Feb,6,6,Saturday,Sat,Yes,No,2023-02,2023Q1,11,42,No,No,FY2022,Q4
12/02/2023,2023,Q1,1,2,February,Feb,6,7,Sunday,Sun,Yes,No,2023-02,2023Q1,12,43,No,No,FY2022,Q4
13/02/2023,2023,Q1,1,2,February,Feb,7,1,Monday,Mon,No,Yes,2023-02,2023Q1,13,44,No,No,FY2022,Q4
14/02/2023,2023,Q1,1,2,February,Feb,7,2,Tuesday,Tue,No,Yes,2023-02,2023Q1,14,45,No,No,FY2022,Q4
15/02/2023,2023,Q1,1,2,February,Feb,7,3,Wednesday,Wed,No,Yes,2023-02,2023Q1,15,46,No,No,FY2022,Q4
16/02/2023,2023,Q1,1,2,February,Feb,7,4,Thursday,Thu,No,Yes,2023-02,2023Q1,16,47,No,No,FY2022,Q4
17/02/2023,2023,Q1,1,2,February,Feb,7,5,Friday,Fri,No,Yes,2023-02,2023Q1,17,48,No,No,FY2022,Q4
18/02/2023,2023,Q1,1,2,February,Feb,7,6,Saturday,Sat,Yes,No,2023-02,2023Q1,18,49,No,No,FY2022,Q4
19/02/2023,2023,Q1,1,2,February,Feb,7,7,Sunday,Sun,Yes,No,2023-02,2023Q1,19,50,No,No,FY2022,Q4
20/02/2023,2023,Q1,1,2,February,Feb,8,1,Monday,Mon,No,Yes,2023-02,2023Q1,20,51,No,No,FY2022,Q4
21/02/2023,2023,Q1,1,2,February,Feb,8,2,Tuesday,Tue,No,Yes,2023-02,2023Q1,21,52,No,No,FY2022,Q4
22/02/2023,2023,Q1,1,2,February,Feb,8,3,Wednesday,Wed,No,Yes,2023-02,2023Q1,22,53,No,No,FY2022,Q4
23/02/2023,2023,Q1,1,2,February,Feb,8,4,Thursday,Thu,No,Yes,2023-02,2023Q1,23,54,No,No,FY2022,Q4
24/02/2023,2023,Q1,1,2,February,Feb,8,5,Friday,Fri,No,Yes,2023-02,2023Q1,24,55,No,No,FY2022,Q4
25/02/2023,2023,Q1,1,2,February,Feb,8,6,Saturday,Sat,Yes,No,2023-02,2023Q1,25,56,No,No,FY2022,Q4
26/02/2023,2023,Q1,1,2,February,Feb,8,7,Sunday,Sun,Yes,No,2023-02,2023Q1,26,57,No,No,FY2022,Q4
27/02/2023,2023,Q1,1,2,February,Feb,9,1,Monday,Mon,No,Yes,2023-02,2023Q1,27,58,No,No,FY2022,Q4
28/02/2023,2023,Q1,1,2,February,Feb,9,2,Tuesday,Tue,No,Yes,2023-02,2023Q1,28,59,No,Yes,FY2022,Q4
01/03/2023,2023,Q1,1,3,March,Mar,9,3,Wednesday,Wed,No,Yes,2023-03,2023Q1,1,60,Yes,No,FY2022,Q4
02/03/2023,2023,Q1,1,3,March,Mar,9,4,Thursday,Thu,No,Yes,2023-03,2023Q1,2,61,No,No,FY2022,Q4
03/03/2023,2023,Q1,1,3,March,Mar,9,5,Friday,Fri,No,Yes,2023-03,2023Q1,3,62,No,No,FY2022,Q4
04/03/2023,2023,Q1,1,3,March,Mar,9,6,Saturday,Sat,Yes,No,2023-03,2023Q1,4,63,No,No,FY2022,Q4
05/03/2023,2023,Q1,1,3,March,Mar,9,7,Sunday,Sun,Yes,No,2023-03,2023Q1,5,64,No,No,FY2022,Q4
06/03/2023,2023,Q1,1,3,March,Mar,10,1,Monday,Mon,No,Yes,2023-03,2023Q1,6,65,No,No,FY2022,Q4
07/03/2023,2023,Q1,1,3,March,Mar,10,2,Tuesday,Tue,No,Yes,2023-03,2023Q1,7,66,No,No,FY2022,Q4
08/03/2023,2023,Q1,1,3,March,Mar,10,3,Wednesday,Wed,No,Yes,2023-03,2023Q1,8,67,No,No,FY2022,Q4
09/03/2023,2023,Q1,1,3,March,Mar,10,4,Thursday,Thu,No,Yes,2023-03,2023Q1,9,68,No,No,FY2022,Q4
10/03/2023,2023,Q1,1,3,March,Mar,10,5,Friday,Fri,No,Yes,2023-03,2023Q1,10,69,No,No,FY2022,Q4
11/03/2023,2023,Q1,1,3,March,Mar,10,6,Saturday,Sat,Yes,No,2023-03,2023Q1,11,70,No,No,FY2022,Q4
12/03/2023,2023,Q1,1,3,March,Mar,10,7,Sunday,Sun,Yes,No,2023-03,2023Q1,12,71,No,No,FY2022,Q4
13/03/2023,2023,Q1,1,3,March,Mar,11,1,Monday,Mon,No,Yes,2023-03,2023Q1,13,72,No,No,FY2022,Q4
14/03/2023,2023,Q1,1,3,March,Mar,11,2,Tuesday,Tue,No,Yes,2023-03,2023Q1,14,73,No,No,FY2022,Q4
15/03/2023,2023,Q1,1,3,March,Mar,11,3,Wednesday,Wed,No,Yes,2023-03,2023Q1,15,74,No,No,FY2022,Q4
16/03/2023,2023,Q1,1,3,March,Mar,11,4,Thursday,Thu,No,Yes,2023-03,2023Q1,16,75,No,No,FY2022,Q4
17/03/2023,2023,Q1,1,3,March,Mar,11,5,Friday,Fri,No,Yes,2023-03,2023Q1,17,76,No,No,FY2022,Q4
18/03/2023,2023,Q1,1,3,March,Mar,11,6,Saturday,Sat,Yes,No,2023-03,2023Q1,18,77,No,No,FY2022,Q4
19/03/2023,2023,Q1,1,3,March,Mar,11,7,Sunday,Sun,Yes,No,2023-03,2023Q1,19,78,No,No,FY2022,Q4
20/03/2023,2023,Q1,1,3,March,Mar,12,1,Monday,Mon,No,Yes,2023-03,2023Q1,20,79,No,No,FY2022,Q4
21/03/2023,2023,Q1,1,3,March,Mar,12,2,Tuesday,Tue,No,Yes,2023-03,2023Q1,21,80,No,No,FY2022,Q4
22/03/2023,2023,Q1,1,3,March,Mar,12,3,Wednesday,Wed,No,Yes,2023-03,2023Q1,22,81,No,No,FY2022,Q4
23/03/2023,2023,Q1,1,3,March,Mar,12,4,Thursday,Thu,No,Yes,2023-03,2023Q1,23,82,No,No,FY2022,Q4
24/03/2023,2023,Q1,1,3,March,Mar,12,5,Friday,Fri,No,Yes,2023-03,2023Q1,24,83,No,No,FY2022,Q4
25/03/2023,2023,Q1,1,3,March,Mar,12,6,Saturday,Sat,Yes,No,2023-03,2023Q1,25,84,No,No,FY2022,Q4
26/03/2023,2023,Q1,1,3,March,Mar,12,7,Sunday,Sun,Yes,No,2023-03,2023Q1,26,85,No,No,FY2022,Q4
27/03/2023,2023,Q1,1,3,March,Mar,13,1,Monday,Mon,No,Yes,2023-03,2023Q1,27,86,No,No,FY2022,Q4
28/03/2023,2023,Q1,1,3,March,Mar,13,2,Tuesday,Tue,No,Yes,2023-03,2023Q1,28,87,No,No,FY2022,Q4
29/03/2023,2023,Q1,1,3,March,Mar,13,3,Wednesday,Wed,No,Yes,2023-03,2023Q1,29,88,No,No,FY2022,Q4
30/03/2023,2023,Q1,1,3,March,Mar,13,4,Thursday,Thu,No,Yes,2023-03,2023Q1,30,89,No,No,FY2022,Q4
31/03/2023,2023,Q1,1,3,March,Mar,13,5,Friday,Fri,No,Yes,2023-03,2023Q1,31,90,No,Yes,FY2022,Q4
01/04/2023,2023,Q2,2,4,April,Apr,13,6,Saturday,Sat,Yes,No,2023-04,2023Q2,1,91,Yes,No,FY2023,Q1
02/04/2023,2023,Q2,2,4,April,Apr,13,7,Sunday,Sun,Yes,No,2023-04,2023Q2,2,92,No,No,FY2023,Q1
03/04/2023,2023,Q2,2,4,April,Apr,14,1,Monday,Mon,No,Yes,2023-04,2023Q2,3,93,No,No,FY2023,Q1
04/04/2023,2023,Q2,2,4,April,Apr,14,2,Tuesday,Tue,No,Yes,2023-04,2023Q2,4,94,No,No,FY2023,Q1
05/04/2023,2023,Q2,2,4,April,Apr,14,3,Wednesday,Wed,No,Yes,2023-04,2023Q2,5,95,No,No,FY2023,Q1
06/04/2023,2023,Q2,2,4,April,Apr,14,4,Thursday,Thu,No,Yes,2023-04,2023Q2,6,96,No,No,FY2023,Q1
07/04/2023,2023,Q2,2,4,April,Apr,14,5,Friday,Fri,No,Yes,2023-04,2023Q2,7,97,No,No,FY2023,Q1
08/04/2023,2023,Q2,2,4,April,Apr,14,6,Saturday,Sat,Yes,No,2023-04,2023Q2,8,98,No,No,FY2023,Q1
09/04/2023,2023,Q2,2,4,April,Apr,14,7,Sunday,Sun,Yes,No,2023-04,2023Q2,9,99,No,No,FY2023,Q1
10/04/2023,2023,Q2,2,4,April,Apr,15,1,Monday,Mon,No,Yes,2023-04,2023Q2,10,100,No,No,FY2023,Q1
11/04/2023,2023,Q2,2,4,April,Apr,15,2,Tuesday,Tue,No,Yes,2023-04,2023Q2,11,101,No,No,FY2023,Q1
12/04/2023,2023,Q2,2,4,April,Apr,15,3,Wednesday,Wed,No,Yes,2023-04,2023Q2,12,102,No,No,FY2023,Q1
13/04/2023,2023,Q2,2,4,April,Apr,15,4,Thursday,Thu,No,Yes,2023-04,2023Q2,13,103,No,No,FY2023,Q1
14/04/2023,2023,Q2,2,4,April,Apr,15,5,Friday,Fri,No,Yes,2023-04,2023Q2,14,104,No,No,FY2023,Q1
15/04/2023,2023,Q2,2,4,April,Apr,15,6,Saturday,Sat,Yes,No,2023-04,2023Q2,15,105,No,No,FY2023,Q1
16/04/2023,2023,Q2,2,4,April,Apr,15,7,Sunday,Sun,Yes,No,2023-04,2023Q2,16,106,No,No,FY2023,Q1
17/04/2023,2023,Q2,2,4,April,Apr,16,1,Monday,Mon,No,Yes,2023-04,2023Q2,17,107,No,No,FY2023,Q1
18/04/2023,2023,Q2,2,4,April,Apr,16,2,Tuesday,Tue,No,Yes,2023-04,2023Q2,18,108,No,No,FY2023,Q1
19/04/2023,2023,Q2,2,4,April,Apr,16,3,Wednesday,Wed,No,Yes,2023-04,2023Q2,19,109,No,No,FY2023,Q1
20/04/2023,2023,Q2,2,4,April,Apr,16,4,Thursday,Thu,No,Yes,2023-04,2023Q2,20,110,No,No,FY2023,Q1
21/04/2023,2023,Q2,2,4,April,Apr,16,5,Friday,Fri,No,Yes,2023-04,2023Q2,21,111,No,No,FY2023,Q1
22/04/2023,2023,Q2,2,4,April,Apr,16,6,Saturday,Sat,Yes,No,2023-04,2023Q2,22,112,No,No,FY2023,Q1
23/04/2023,2023,Q2,2,4,April,Apr,16,7,Sunday,Sun,Yes,No,2023-04,2023Q2,23,113,No,No,FY2023,Q1
24/04/2023,2023,Q2,2,4,April,Apr,17,1,Monday,Mon,No,Yes,2023-04,2023Q2,24,114,No,No,FY2023,Q1
25/04/2023,2023,Q2,2,4,April,Apr,17,2,Tuesday,Tue,No,Yes,2023-04,2023Q2,25,115,No,No,FY2023,Q1
26/04/2023,2023,Q2,2,4,April,Apr,17,3,Wednesday,Wed,No,Yes,2023-04,2023Q2,26,116,No,No,FY2023,Q1
27/04/2023,2023,Q2,2,4,April,Apr,17,4,Thursday,Thu,No,Yes,2023-04,2023Q2,27,117,No,No,FY2023,Q1
28/04/2023,2023,Q2,2,4,April,Apr,17,5,Friday,Fri,No,Yes,2023-04,2023Q2,28,118,No,No,FY2023,Q1
29/04/2023,2023,Q2,2,4,April,Apr,17,6,Saturday,Sat,Yes,No,2023-04,2023Q2,29,119,No,No,FY2023,Q1
30/04/2023,2023,Q2,2,4,April,Apr,17,7,Sunday,Sun,Yes,No,2023-04,2023Q2,30,120,No,Yes,FY2023,Q1
01/05/2023,2023,Q2,2,5,May,May,18,1,Monday,Mon,No,Yes,2023-05,2023Q2,1,121,Yes,No,FY2023,Q1
02/05/2023,2023,Q2,2,5,May,May,18,2,Tuesday,Tue,No,Yes,2023-05,2023Q2,2,122,No,No,FY2023,Q1
03/05/2023,2023,Q2,2,5,May,May,18,3,Wednesday,Wed,No,Yes,2023-05,2023Q2,3,123,No,No,FY2023,Q1
04/05/2023,2023,Q2,2,5,May,May,18,4,Thursday,Thu,No,Yes,2023-05,2023Q2,4,124,No,No,FY2023,Q1
05/05/2023,2023,Q2,2,5,May,May,18,5,Friday,Fri,No,Yes,2023-05,2023Q2,5,125,No,No,FY2023,Q1
06/05/2023,2023,Q2,2,5,May,May,18,6,Saturday,Sat,Yes,No,2023-05,2023Q2,6,126,No,No,FY2023,Q1
07/05/2023,2023,Q2,2,5,May,May,18,7,Sunday,Sun,Yes,No,2023-05,2023Q2,7,127,No,No,FY2023,Q1
08/05/2023,2023,Q2,2,5,May,May,19,1,Monday,Mon,No,Yes,2023-05,2023Q2,8,128,No,No,FY2023,Q1
09/05/2023,2023,Q2,2,5,May,May,19,2,Tuesday,Tue,No,Yes,2023-05,2023Q2,9,129,No,No,FY2023,Q1
10/05/2023,2023,Q2,2,5,May,May,19,3,Wednesday,Wed,No,Yes,2023-05,2023Q2,10,130,No,No,FY2023,Q1
11/05/2023,2023,Q2,2,5,May,May,19,4,Thursday,Thu,No,Yes,2023-05,2023Q2,11,131,No,No,FY2023,Q1
12/05/2023,2023,Q2,2,5,May,May,19,5,Friday,Fri,No,Yes,2023-05,2023Q2,12,132,No,No,FY2023,Q1
13/05/2023,2023,Q2,2,5,May,May,19,6,Saturday,Sat,Yes,No,2023-05,2023Q2,13,133,No,No,FY2023,Q1
14/05/2023,2023,Q2,2,5,May,May,19,7,Sunday,Sun,Yes,No,2023-05,2023Q2,14,134,No,No,FY2023,Q1
15/05/2023,2023,Q2,2,5,May,May,20,1,Monday,Mon,No,Yes,2023-05,2023Q2,15,135,No,No,FY2023,Q1
16/05/2023,2023,Q2,2,5,May,May,20,2,Tuesday,Tue,No,Yes,2023-05,2023Q2,16,136,No,No,FY2023,Q1
17/05/2023,2023,Q2,2,5,May,May,20,3,Wednesday,Wed,No,Yes,2023-05,2023Q2,17,137,No,No,FY2023,Q1
18/05/2023,2023,Q2,2,5,May,May,20,4,Thursday,Thu,No,Yes,2023-05,2023Q2,18,138,No,No,FY2023,Q1
19/05/2023,2023,Q2,2,5,May,May,20,5,Friday,Fri,No,Yes,2023-05,2023Q2,19,139,No,No,FY2023,Q1
20/05/2023,2023,Q2,2,5,May,May,20,6,Saturday,Sat,Yes,No,2023-05,2023Q2,20,140,No,No,FY2023,Q1
21/05/2023,2023,Q2,2,5,May,May,20,7,Sunday,Sun,Yes,No,2023-05,2023Q2,21,141,No,No,FY2023,Q1
22/05/2023,2023,Q2,2,5,May,May,21,1,Monday,Mon,No,Yes,2023-05,2023Q2,22,142,No,No,FY2023,Q1
23/05/2023,2023,Q2,2,5,May,May,21,2,Tuesday,Tue,No,Yes,2023-05,2023Q2,23,143,No,No,FY2023,Q1
24/05/2023,2023,Q2,2,5,May,May,21,3,Wednesday,Wed,No,Yes,2023-05,2023Q2,24,144,No,No,FY2023,Q1
25/05/2023,2023,Q2,2,5,May,May,21,4,Thursday,Thu,No,Yes,2023-05,2023Q2,25,145,No,No,FY2023,Q1
26/05/2023,2023,Q2,2,5,May,May,21,5,Friday,Fri,No,Yes,2023-05,2023Q2,26,146,No,No,FY2023,Q1
27/05/2023,2023,Q2,2,5,May,May,21,6,Saturday,Sat,Yes,No,2023-05,2023Q2,27,147,No,No,FY2023,Q1
28/05/2023,2023,Q2,2,5,May,May,21,7,Sunday,Sun,Yes,No,2023-05,2023Q2,28,148,No,No,FY2023,Q1
29/05/2023,2023,Q2,2,5,May,May,22,1,Monday,Mon,No,Yes,2023-05,2023Q2,29,149,No,No,FY2023,Q1
30/05/2023,2023,Q2,2,5,May,May,22,2,Tuesday,Tue,No,Yes,2023-05,2023Q2,30,150,No,No,FY2023,Q1
31/05/2023,2023,Q2,2,5,May,May,22,3,Wednesday,Wed,No,Yes,2023-05,2023Q2,31,151,No,Yes,FY2023,Q1
01/06/2023,2023,Q2,2,6,June,Jun,22,4,Thursday,Thu,No,Yes,2023-06,2023Q2,1,152,Yes,No,FY2023,Q1
02/06/2023,2023,Q2,2,6,June,Jun,22,5,Friday,Fri,No,Yes,2023-06,2023Q2,2,153,No,No,FY2023,Q1
03/06/2023,2023,Q2,2,6,June,Jun,22,6,Saturday,Sat,Yes,No,2023-06,2023Q2,3,154,No,No,FY2023,Q1
04/06/2023,2023,Q2,2,6,June,Jun,22,7,Sunday,Sun,Yes,No,2023-06,2023Q2,4,155,No,No,FY2023,Q1
05/06/2023,2023,Q2,2,6,June,Jun,23,1,Monday,Mon,No,Yes,2023-06,2023Q2,5,156,No,No,FY2023,Q1
06/06/2023,2023,Q2,2,6,June,Jun,23,2,Tuesday,Tue,No,Yes,2023-06,2023Q2,6,157,No,No,FY2023,Q1
07/06/2023,2023,Q2,2,6,June,Jun,23,3,Wednesday,Wed,No,Yes,2023-06,2023Q2,7,158,No,No,FY2023,Q1
08/06/2023,2023,Q2,2,6,June,Jun,23,4,Thursday,Thu,No,Yes,2023-06,2023Q2,8,159,No,No,FY2023,Q1
09/06/2023,2023,Q2,2,6,June,Jun,23,5,Friday,Fri,No,Yes,2023-06,2023Q2,9,160,No,No,FY2023,Q1
10/06/2023,2023,Q2,2,6,June,Jun,23,6,Saturday,Sat,Yes,No,2023-06,2023Q2,10,161,No,No,FY2023,Q1
11/06/2023,2023,Q2,2,6,June,Jun,23,7,Sunday,Sun,Yes,No,2023-06,2023Q2,11,162,No,No,FY2023,Q1
12/06/2023,2023,Q2,2,6,June,Jun,24,1,Monday,Mon,No,Yes,2023-06,2023Q2,12,163,No,No,FY2023,Q1
13/06/2023,2023,Q2,2,6,June,Jun,24,2,Tuesday,Tue,No,Yes,2023-06,2023Q2,13,164,No,No,FY2023,Q1
14/06/2023,2023,Q2,2,6,June,Jun,24,3,Wednesday,Wed,No,Yes,2023-06,2023Q2,14,165,No,No,FY2023,Q1
15/06/2023,2023,Q2,2,6,June,Jun,24,4,Thursday,Thu,No,Yes,2023-06,2023Q2,15,166,No,No,FY2023,Q1
16/06/2023,2023,Q2,2,6,June,Jun,24,5,Friday,Fri,No,Yes,2023-06,2023Q2,16,167,No,No,FY2023,Q1
17/06/2023,2023,Q2,2,6,June,Jun,24,6,Saturday,Sat,Yes,No,2023-06,2023Q2,17,168,No,No,FY2023,Q1
18/06/2023,2023,Q2,2,6,June,Jun,24,7,Sunday,Sun,Yes,No,2023-06,2023Q2,18,169,No,No,FY2023,Q1
19/06/2023,2023,Q2,2,6,June,Jun,25,1,Monday,Mon,No,Yes,2023-06,2023Q2,19,170,No,No,FY2023,Q1
20/06/2023,2023,Q2,2,6,June,Jun,25,2,Tuesday,Tue,No,Yes,2023-06,2023Q2,20,171,No,No,FY2023,Q1
21/06/2023,2023,Q2,2,6,June,Jun,25,3,Wednesday,Wed,No,Yes,2023-06,2023Q2,21,172,No,No,FY2023,Q1
22/06/2023,2023,Q2,2,6,June,Jun,25,4,Thursday,Thu,No,Yes,2023-06,2023Q2,22,173,No,No,FY2023,Q1
23/06/2023,2023,Q2,2,6,June,Jun,25,5,Friday,Fri,No,Yes,2023-06,2023Q2,23,174,No,No,FY2023,Q1
24/06/2023,2023,Q2,2,6,June,Jun,25,6,Saturday,Sat,Yes,No,2023-06,2023Q2,24,175,No,No,FY2023,Q1
25/06/2023,2023,Q2,2,6,June,Jun,25,7,Sunday,Sun,Yes,No,2023-06,2023Q2,25,176,No,No,FY2023,Q1
26/06/2023,2023,Q2,2,6,June,Jun,26,1,Monday,Mon,No,Yes,2023-06,2023Q2,26,177,No,No,FY2023,Q1
27/06/2023,2023,Q2,2,6,June,Jun,26,2,Tuesday,Tue,No,Yes,2023-06,2023Q2,27,178,No,No,FY2023,Q1
28/06/2023,2023,Q2,2,6,June,Jun,26,3,Wednesday,Wed,No,Yes,2023-06,2023Q2,28,179,No,No,FY2023,Q1
29/06/2023,2023,Q2,2,6,June,Jun,26,4,Thursday,Thu,No,Yes,2023-06,2023Q2,29,180,No,No,FY2023,Q1
30/06/2023,2023,Q2,2,6,June,Jun,26,5,Friday,Fri,No,Yes,2023-06,2023Q2,30,181,No,Yes,FY2023,Q1
01/07/2023,2023,Q3,3,7,July,Jul,26,6,Saturday,Sat,Yes,No,2023-07,2023Q3,1,182,Yes,No,FY2023,Q2
02/07/2023,2023,Q3,3,7,July,Jul,26,7,Sunday,Sun,Yes,No,2023-07,2023Q3,2,183,No,No,FY2023,Q2
03/07/2023,2023,Q3,3,7,July,Jul,27,1,Monday,Mon,No,Yes,2023-07,2023Q3,3,184,No,No,FY2023,Q2
04/07/2023,2023,Q3,3,7,July,Jul,27,2,Tuesday,Tue,No,Yes,2023-07,2023Q3,4,185,No,No,FY2023,Q2
05/07/2023,2023,Q3,3,7,July,Jul,27,3,Wednesday,Wed,No,Yes,2023-07,2023Q3,5,186,No,No,FY2023,Q2
06/07/2023,2023,Q3,3,7,July,Jul,27,4,Thursday,Thu,No,Yes,2023-07,2023Q3,6,187,No,No,FY2023,Q2
07/07/2023,2023,Q3,3,7,July,Jul,27,5,Friday,Fri,No,Yes,2023-07,2023Q3,7,188,No,No,FY2023,Q2
08/07/2023,2023,Q3,3,7,July,Jul,27,6,Saturday,Sat,Yes,No,2023-07,2023Q3,8,189,No,No,FY2023,Q2
09/07/2023,2023,Q3,3,7,July,Jul,27,7,Sunday,Sun,Yes,No,2023-07,2023Q3,9,190,No,No,FY2023,Q2
10/07/2023,2023,Q3,3,7,July,Jul,28,1,Monday,Mon,No,Yes,2023-07,2023Q3,10,191,No,No,FY2023,Q2
11/07/2023,2023,Q3,3,7,July,Jul,28,2,Tuesday,Tue,No,Yes,2023-07,2023Q3,11,192,No,No,FY2023,Q2
12/07/2023,2023,Q3,3,7,July,Jul,28,3,Wednesday,Wed,No,Yes,2023-07,2023Q3,12,193,No,No,FY2023,Q2
13/07/2023,2023,Q3,3,7,July,Jul,28,4,Thursday,Thu,No,Yes,2023-07,2023Q3,13,194,No,No,FY2023,Q2
14/07/2023,2023,Q3,3,7,July,Jul,28,5,Friday,Fri,No,Yes,2023-07,2023Q3,14,195,No,No,FY2023,Q2
15/07/2023,2023,Q3,3,7,July,Jul,28,6,Saturday,Sat,Yes,No,2023-07,2023Q3,15,196,No,No,FY2023,Q2
16/07/2023,2023,Q3,3,7,July,Jul,28,7,Sunday,Sun,Yes,No,2023-07,2023Q3,16,197,No,No,FY2023,Q2
17/07/2023,2023,Q3,3,7,July,Jul,29,1,Monday,Mon,No,Yes,2023-07,2023Q3,17,198,No,No,FY2023,Q2
18/07/2023,2023,Q3,3,7,July,Jul,29,2,Tuesday,Tue,No,Yes,2023-07,2023Q3,18,199,No,No,FY2023,Q2
19/07/2023,2023,Q3,3,7,July,Jul,29,3,Wednesday,Wed,No,Yes,2023-07,2023Q3,19,200,No,No,FY2023,Q2
20/07/2023,2023,Q3,3,7,July,Jul,29,4,Thursday,Thu,No,Yes,2023-07,2023Q3,20,201,No,No,FY2023,Q2
21/07/2023,2023,Q3,3,7,July,Jul,29,5,Friday,Fri,No,Yes,2023-07,2023Q3,21,202,No,No,FY2023,Q2
22/07/2023,2023,Q3,3,7,July,Jul,29,6,Saturday,Sat,Yes,No,2023-07,2023Q3,22,203,No,No,FY2023,Q2
23/07/2023,2023,Q3,3,7,July,Jul,29,7,Sunday,Sun,Yes,No,2023-07,2023Q3,23,204,No,No,FY2023,Q2
24/07/2023,2023,Q3,3,7,July,Jul,30,1,Monday,Mon,No,Yes,2023-07,2023Q3,24,205,No,No,FY2023,Q2
25/07/2023,2023,Q3,3,7,July,Jul,30,2,Tuesday,Tue,No,Yes,2023-07,2023Q3,25,206,No,No,FY2023,Q2
26/07/2023,2023,Q3,3,7,July,Jul,30,3,Wednesday,Wed,No,Yes,2023-07,2023Q3,26,207,No,No,FY2023,Q2
27/07/2023,2023,Q3,3,7,July,Jul,30,4,Thursday,Thu,No,Yes,2023-07,2023Q3,27,208,No,No,FY2023,Q2
28/07/2023,2023,Q3,3,7,July,Jul,30,5,Friday,Fri,No,Yes,2023-07,2023Q3,28,209,No,No,FY2023,Q2
29/07/2023,2023,Q3,3,7,July,Jul,30,6,Saturday,Sat,Yes,No,2023-07,2023Q3,29,210,No,No,FY2023,Q2
30/07/2023,2023,Q3,3,7,July,Jul,30,7,Sunday,Sun,Yes,No,2023-07,2023Q3,30,211,No,No,FY2023,Q2
31/07/2023,2023,Q3,3,7,July,Jul,31,1,Monday,Mon,No,Yes,2023-07,2023Q3,31,212,No,Yes,FY2023,Q2
01/08/2023,2023,Q3,3,8,August,Aug,31,2,Tuesday,Tue,No,Yes,2023-08,2023Q3,1,213,Yes,No,FY2023,Q2
02/08/2023,2023,Q3,3,8,August,Aug,31,3,Wednesday,Wed,No,Yes,2023-08,2023Q3,2,214,No,No,FY2023,Q2
03/08/2023,2023,Q3,3,8,August,Aug,31,4,Thursday,Thu,No,Yes,2023-08,2023Q3,3,215,No,No,FY2023,Q2
04/08/2023,2023,Q3,3,8,August,Aug,31,5,Friday,Fri,No,Yes,2023-08,2023Q3,4,216,No,No,FY2023,Q2
05/08/2023,2023,Q3,3,8,August,Aug,31,6,Saturday,Sat,Yes,No,2023-08,2023Q3,5,217,No,No,FY2023,Q2
06/08/2023,2023,Q3,3,8,August,Aug,31,7,Sunday,Sun,Yes,No,2023-08,2023Q3,6,218,No,No,FY2023,Q2
07/08/2023,2023,Q3,3,8,August,Aug,32,1,Monday,Mon,No,Yes,2023-08,2023Q3,7,219,No,No,FY2023,Q2
08/08/2023,2023,Q3,3,8,August,Aug,32,2,Tuesday,Tue,No,Yes,2023-08,2023Q3,8,220,No,No,FY2023,Q2
09/08/2023,2023,Q3,3,8,August,Aug,32,3,Wednesday,Wed,No,Yes,2023-08,2023Q3,9,221,No,No,FY2023,Q2
10/08/2023,2023,Q3,3,8,August,Aug,32,4,Thursday,Thu,No,Yes,2023-08,2023Q3,10,222,No,No,FY2023,Q2
11/08/2023,2023,Q3,3,8,August,Aug,32,5,Friday,Fri,No,Yes,2023-08,2023Q3,11,223,No,No,FY2023,Q2
12/08/2023,2023,Q3,3,8,August,Aug,32,6,Saturday,Sat,Yes,No,2023-08,2023Q3,12,224,No,No,FY2023,Q2
13/08/2023,2023,Q3,3,8,August,Aug,32,7,Sunday,Sun,Yes,No,2023-08,2023Q3,13,225,No,No,FY2023,Q2
14/08/2023,2023,Q3,3,8,August,Aug,33,1,Monday,Mon,No,Yes,2023-08,2023Q3,14,226,No,No,FY2023,Q2
15/08/2023,2023,Q3,3,8,August,Aug,33,2,Tuesday,Tue,No,Yes,2023-08,2023Q3,15,227,No,No,FY2023,Q2
16/08/2023,2023,Q3,3,8,August,Aug,33,3,Wednesday,Wed,No,Yes,2023-08,2023Q3,16,228,No,No,FY2023,Q2
17/08/2023,2023,Q3,3,8,August,Aug,33,4,Thursday,Thu,No,Yes,2023-08,2023Q3,17,229,No,No,FY2023,Q2
18/08/2023,2023,Q3,3,8,August,Aug,33,5,Friday,Fri,No,Yes,2023-08,2023Q3,18,230,No,No,FY2023,Q2
19/08/2023,2023,Q3,3,8,August,Aug,33,6,Saturday,Sat,Yes,No,2023-08,2023Q3,19,231,No,No,FY2023,Q2
20/08/2023,2023,Q3,3,8,August,Aug,33,7,Sunday,Sun,Yes,No,2023-08,2023Q3,20,232,No,No,FY2023,Q2
21/08/2023,2023,Q3,3,8,August,Aug,34,1,Monday,Mon,No,Yes,2023-08,2023Q3,21,233,No,No,FY2023,Q2
22/08/2023,2023,Q3,3,8,August,Aug,34,2,Tuesday,Tue,No,Yes,2023-08,2023Q3,22,234,No,No,FY2023,Q2
23/08/2023,2023,Q3,3,8,August,Aug,34,3,Wednesday,Wed,No,Yes,2023-08,2023Q3,23,235,No,No,FY2023,Q2
24/08/2023,2023,Q3,3,8,August,Aug,34,4,Thursday,Thu,No,Yes,2023-08,2023Q3,24,236,No,No,FY2023,Q2
25/08/2023,2023,Q3,3,8,August,Aug,34,5,Friday,Fri,No,Yes,2023-08,2023Q3,25,237,No,No,FY2023,Q2
26/08/2023,2023,Q3,3,8,August,Aug,34,6,Saturday,Sat,Yes,No,2023-08,2023Q3,26,238,No,No,FY2023,Q2
27/08/2023,2023,Q3,3,8,August,Aug,34,7,Sunday,Sun,Yes,No,2023-08,2023Q3,27,239,No,No,FY2023,Q2
28/08/2023,2023,Q3,3,8,August,Aug,35,1,Monday,Mon,No,Yes,2023-08,2023Q3,28,240,No,No,FY2023,Q2
29/08/2023,2023,Q3,3,8,August,Aug,35,2,Tuesday,Tue,No,Yes,2023-08,2023Q3,29,241,No,No,FY2023,Q2
30/08/2023,2023,Q3,3,8,August,Aug,35,3,Wednesday,Wed,No,Yes,2023-08,2023Q3,30,242,No,No,FY2023,Q2
31/08/2023,2023,Q3,3,8,August,Aug,35,4,Thursday,Thu,No,Yes,2023-08,2023Q3,31,243,No,Yes,FY2023,Q2
01/09/2023,2023,Q3,3,9,September,Sep,35,5,Friday,Fri,No,Yes,2023-09,2023Q3,1,244,Yes,No,FY2023,Q2
02/09/2023,2023,Q3,3,9,September,Sep,35,6,Saturday,Sat,Yes,No,2023-09,2023Q3,2,245,No,No,FY2023,Q2
03/09/2023,2023,Q3,3,9,September,Sep,35,7,Sunday,Sun,Yes,No,2023-09,2023Q3,3,246,No,No,FY2023,Q2
04/09/2023,2023,Q3,3,9,September,Sep,36,1,Monday,Mon,No,Yes,2023-09,2023Q3,4,247,No,No,FY2023,Q2
05/09/2023,2023,Q3,3,9,September,Sep,36,2,Tuesday,Tue,No,Yes,2023-09,2023Q3,5,248,No,No,FY2023,Q2
06/09/2023,2023,Q3,3,9,September,Sep,36,3,Wednesday,Wed,No,Yes,2023-09,2023Q3,6,249,No,No,FY2023,Q2
07/09/2023,2023,Q3,3,9,September,Sep,36,4,Thursday,Thu,No,Yes,2023-09,2023Q3,7,250,No,No,FY2023,Q2
08/09/2023,2023,Q3,3,9,September,Sep,36,5,Friday,Fri,No,Yes,2023-09,2023Q3,8,251,No,No,FY2023,Q2
09/09/2023,2023,Q3,3,9,September,Sep,36,6,Saturday,Sat,Yes,No,2023-09,2023Q3,9,252,No,No,FY2023,Q2
10/09/2023,2023,Q3,3,9,September,Sep,36,7,Sunday,Sun,Yes,No,2023-09,2023Q3,10,253,No,No,FY2023,Q2
11/09/2023,2023,Q3,3,9,September,Sep,37,1,Monday,Mon,No,Yes,2023-09,2023Q3,11,254,No,No,FY2023,Q2
12/09/2023,2023,Q3,3,9,September,Sep,37,2,Tuesday,Tue,No,Yes,2023-09,2023Q3,12,255,No,No,FY2023,Q2
13/09/2023,2023,Q3,3,9,September,Sep,37,3,Wednesday,Wed,No,Yes,2023-09,2023Q3,13,256,No,No,FY2023,Q2
14/09/2023,2023,Q3,3,9,September,Sep,37,4,Thursday,Thu,No,Yes,2023-09,2023Q3,14,257,No,No,FY2023,Q2
15/09/2023,2023,Q3,3,9,September,Sep,37,5,Friday,Fri,No,Yes,2023-09,2023Q3,15,258,No,No,FY2023,Q2
16/09/2023,2023,Q3,3,9,September,Sep,37,6,Saturday,Sat,Yes,No,2023-09,2023Q3,16,259,No,No,FY2023,Q2
17/09/2023,2023,Q3,3,9,September,Sep,37,7,Sunday,Sun,Yes,No,2023-09,2023Q3,17,260,No,No,FY2023,Q2
18/09/2023,2023,Q3,3,9,September,Sep,38,1,Monday,Mon,No,Yes,2023-09,2023Q3,18,261,No,No,FY2023,Q2
19/09/2023,2023,Q3,3,9,September,Sep,38,2,Tuesday,Tue,No,Yes,2023-09,2023Q3,19,262,No,No,FY2023,Q2
20/09/2023,2023,Q3,3,9,September,Sep,38,3,Wednesday,Wed,No,Yes,2023-09,2023Q3,20,263,No,No,FY2023,Q2
21/09/2023,2023,Q3,3,9,September,Sep,38,4,Thursday,Thu,No,Yes,2023-09,2023Q3,21,264,No,No,FY2023,Q2
22/09/2023,2023,Q3,3,9,September,Sep,38,5,Friday,Fri,No,Yes,2023-09,2023Q3,22,265,No,No,FY2023,Q2
23/09/2023,2023,Q3,3,9,September,Sep,38,6,Saturday,Sat,Yes,No,2023-09,2023Q3,23,266,No,No,FY2023,Q2
24/09/2023,2023,Q3,3,9,September,Sep,38,7,Sunday,Sun,Yes,No,2023-09,2023Q3,24,267,No,No,FY2023,Q2
25/09/2023,2023,Q3,3,9,September,Sep,39,1,Monday,Mon,No,Yes,2023-09,2023Q3,25,268,No,No,FY2023,Q2
26/09/2023,2023,Q3,3,9,September,Sep,39,2,Tuesday,Tue,No,Yes,2023-09,2023Q3,26,269,No,No,FY2023,Q2
27/09/2023,2023,Q3,3,9,September,Sep,39,3,Wednesday,Wed,No,Yes,2023-09,2023Q3,27,270,No,No,FY2023,Q2
28/09/2023,2023,Q3,3,9,September,Sep,39,4,Thursday,Thu,No,Yes,2023-09,2023Q3,28,271,No,No,FY2023,Q2
29/09/2023,2023,Q3,3,9,September,Sep,39,5,Friday,Fri,No,Yes,2023-09,2023Q3,29,272,No,No,FY2023,Q2
30/09/2023,2023,Q3,3,9,September,Sep,39,6,Saturday,Sat,Yes,No,2023-09,2023Q3,30,273,No,Yes,FY2023,Q2
01/10/2023,2023,Q4,4,10,October,Oct,39,7,Sunday,Sun,Yes,No,2023-10,2023Q4,1,274,Yes,No,FY2023,Q3
02/10/2023,2023,Q4,4,10,October,Oct,40,1,Monday,Mon,No,Yes,2023-10,2023Q4,2,275,No,No,FY2023,Q3
03/10/2023,2023,Q4,4,10,October,Oct,40,2,Tuesday,Tue,No,Yes,2023-10,2023Q4,3,276,No,No,FY2023,Q3
04/10/2023,2023,Q4,4,10,October,Oct,40,3,Wednesday,Wed,No,Yes,2023-10,2023Q4,4,277,No,No,FY2023,Q3
05/10/2023,2023,Q4,4,10,October,Oct,40,4,Thursday,Thu,No,Yes,2023-10,2023Q4,5,278,No,No,FY2023,Q3
06/10/2023,2023,Q4,4,10,October,Oct,40,5,Friday,Fri,No,Yes,2023-10,2023Q4,6,279,No,No,FY2023,Q3
07/10/2023,2023,Q4,4,10,October,Oct,40,6,Saturday,Sat,Yes,No,2023-10,2023Q4,7,280,No,No,FY2023,Q3
08/10/2023,2023,Q4,4,10,October,Oct,40,7,Sunday,Sun,Yes,No,2023-10,2023Q4,8,281,No,No,FY2023,Q3
09/10/2023,2023,Q4,4,10,October,Oct,41,1,Monday,Mon,No,Yes,2023-10,2023Q4,9,282,No,No,FY2023,Q3
10/10/2023,2023,Q4,4,10,October,Oct,41,2,Tuesday,Tue,No,Yes,2023-10,2023Q4,10,283,No,No,FY2023,Q3
11/10/2023,2023,Q4,4,10,October,Oct,41,3,Wednesday,Wed,No,Yes,2023-10,2023Q4,11,284,No,No,FY2023,Q3
12/10/2023,2023,Q4,4,10,October,Oct,41,4,Thursday,Thu,No,Yes,2023-10,2023Q4,12,285,No,No,FY2023,Q3
13/10/2023,2023,Q4,4,10,October,Oct,41,5,Friday,Fri,No,Yes,2023-10,2023Q4,13,286,No,No,FY2023,Q3
14/10/2023,2023,Q4,4,10,October,Oct,41,6,Saturday,Sat,Yes,No,2023-10,2023Q4,14,287,No,No,FY2023,Q3
15/10/2023,2023,Q4,4,10,October,Oct,41,7,Sunday,Sun,Yes,No,2023-10,2023Q4,15,288,No,No,FY2023,Q3
16/10/2023,2023,Q4,4,10,October,Oct,42,1,Monday,Mon,No,Yes,2023-10,2023Q4,16,289,No,No,FY2023,Q3
17/10/2023,2023,Q4,4,10,October,Oct,42,2,Tuesday,Tue,No,Yes,2023-10,2023Q4,17,290,No,No,FY2023,Q3
18/10/2023,2023,Q4,4,10,October,Oct,42,3,Wednesday,Wed,No,Yes,2023-10,2023Q4,18,291,No,No,FY2023,Q3
19/10/2023,2023,Q4,4,10,October,Oct,42,4,Thursday,Thu,No,Yes,2023-10,2023Q4,19,292,No,No,FY2023,Q3
20/10/2023,2023,Q4,4,10,October,Oct,42,5,Friday,Fri,No,Yes,2023-10,2023Q4,20,293,No,No,FY2023,Q3
21/10/2023,2023,Q4,4,10,October,Oct,42,6,Saturday,Sat,Yes,No,2023-10,2023Q4,21,294,No,No,FY2023,Q3
22/10/2023,2023,Q4,4,10,October,Oct,42,7,Sunday,Sun,Yes,No,2023-10,2023Q4,22,295,No,No,FY2023,Q3
23/10/2023,2023,Q4,4,10,October,Oct,43,1,Monday,Mon,No,Yes,2023-10,2023Q4,23,296,No,No,FY2023,Q3
24/10/2023,2023,Q4,4,10,October,Oct,43,2,Tuesday,Tue,No,Yes,2023-10,2023Q4,24,297,No,No,FY2023,Q3
25/10/2023,2023,Q4,4,10,October,Oct,43,3,Wednesday,Wed,No,Yes,2023-10,2023Q4,25,298,No,No,FY2023,Q3
26/10/2023,2023,Q4,4,10,October,Oct,43,4,Thursday,Thu,No,Yes,2023-10,2023Q4,26,299,No,No,FY2023,Q3
27/10/2023,2023,Q4,4,10,October,Oct,43,5,Friday,Fri,No,Yes,2023-10,2023Q4,27,300,No,No,FY2023,Q3
28/10/2023,2023,Q4,4,10,October,Oct,43,6,Saturday,Sat,Yes,No,2023-10,2023Q4,28,301,No,No,FY2023,Q3
29/10/2023,2023,Q4,4,10,October,Oct,43,7,Sunday,Sun,Yes,No,2023-10,2023Q4,29,302,No,No,FY2023,Q3
30/10/2023,2023,Q4,4,10,October,Oct,44,1,Monday,Mon,No,Yes,2023-10,2023Q4,30,303,No,No,FY2023,Q3
31/10/2023,2023,Q4,4,10,October,Oct,44,2,Tuesday,Tue,No,Yes,2023-10,2023Q4,31,304,No,Yes,FY2023,Q3
01/11/2023,2023,Q4,4,11,November,Nov,44,3,Wednesday,Wed,No,Yes,2023-11,2023Q4,1,305,Yes,No,FY2023,Q3
02/11/2023,2023,Q4,4,11,November,Nov,44,4,Thursday,Thu,No,Yes,2023-11,2023Q4,2,306,No,No,FY2023,Q3
03/11/2023,2023,Q4,4,11,November,Nov,44,5,Friday,Fri,No,Yes,2023-11,2023Q4,3,307,No,No,FY2023,Q3
04/11/2023,2023,Q4,4,11,November,Nov,44,6,Saturday,Sat,Yes,No,2023-11,2023Q4,4,308,No,No,FY2023,Q3
05/11/2023,2023,Q4,4,11,November,Nov,44,7,Sunday,Sun,Yes,No,2023-11,2023Q4,5,309,No,No,FY2023,Q3
06/11/2023,2023,Q4,4,11,November,Nov,45,1,Monday,Mon,No,Yes,2023-11,2023Q4,6,310,No,No,FY2023,Q3
07/11/2023,2023,Q4,4,11,November,Nov,45,2,Tuesday,Tue,No,Yes,2023-11,2023Q4,7,311,No,No,FY2023,Q3
08/11/2023,2023,Q4,4,11,November,Nov,45,3,Wednesday,Wed,No,Yes,2023-11,2023Q4,8,312,No,No,FY2023,Q3
09/11/2023,2023,Q4,4,11,November,Nov,45,4,Thursday,Thu,No,Yes,2023-11,2023Q4,9,313,No,No,FY2023,Q3
10/11/2023,2023,Q4,4,11,November,Nov,45,5,Friday,Fri,No,Yes,2023-11,2023Q4,10,314,No,No,FY2023,Q3
11/11/2023,2023,Q4,4,11,November,Nov,45,6,Saturday,Sat,Yes,No,2023-11,2023Q4,11,315,No,No,FY2023,Q3
12/11/2023,2023,Q4,4,11,November,Nov,45,7,Sunday,Sun,Yes,No,2023-11,2023Q4,12,316,No,No,FY2023,Q3
13/11/2023,2023,Q4,4,11,November,Nov,46,1,Monday,Mon,No,Yes,2023-11,2023Q4,13,317,No,No,FY2023,Q3
14/11/2023,2023,Q4,4,11,November,Nov,46,2,Tuesday,Tue,No,Yes,2023-11,2023Q4,14,318,No,No,FY2023,Q3
15/11/2023,2023,Q4,4,11,November,Nov,46,3,Wednesday,Wed,No,Yes,2023-11,2023Q4,15,319,No,No,FY2023,Q3
16/11/2023,2023,Q4,4,11,November,Nov,46,4,Thursday,Thu,No,Yes,2023-11,2023Q4,16,320,No,No,FY2023,Q3
17/11/2023,2023,Q4,4,11,November,Nov,46,5,Friday,Fri,No,Yes,2023-11,2023Q4,17,321,No,No,FY2023,Q3
18/11/2023,2023,Q4,4,11,November,Nov,46,6,Saturday,Sat,Yes,No,2023-11,2023Q4,18,322,No,No,FY2023,Q3
19/11/2023,2023,Q4,4,11,November,Nov,46,7,Sunday,Sun,Yes,No,2023-11,2023Q4,19,323,No,No,FY2023,Q3
20/11/2023,2023,Q4,4,11,November,Nov,47,1,Monday,Mon,No,Yes,2023-11,2023Q4,20,324,No,No,FY2023,Q3
21/11/2023,2023,Q4,4,11,November,Nov,47,2,Tuesday,Tue,No,Yes,2023-11,2023Q4,21,325,No,No,FY2023,Q3
22/11/2023,2023,Q4,4,11,November,Nov,47,3,Wednesday,Wed,No,Yes,2023-11,2023Q4,22,326,No,No,FY2023,Q3
23/11/2023,2023,Q4,4,11,November,Nov,47,4,Thursday,Thu,No,Yes,2023-11,2023Q4,23,327,No,No,FY2023,Q3
24/11/2023,2023,Q4,4,11,November,Nov,47,5,Friday,Fri,No,Yes,2023-11,2023Q4,24,328,No,No,FY2023,Q3
25/11/2023,2023,Q4,4,11,November,Nov,47,6,Saturday,Sat,Yes,No,2023-11,2023Q4,25,329,No,No,FY2023,Q3
26/11/2023,2023,Q4,4,11,November,Nov,47,7,Sunday,Sun,Yes,No,2023-11,2023Q4,26,330,No,No,FY2023,Q3
27/11/2023,2023,Q4,4,11,November,Nov,48,1,Monday,Mon,No,Yes,2023-11,2023Q4,27,331,No,No,FY2023,Q3
28/11/2023,2023,Q4,4,11,November,Nov,48,2,Tuesday,Tue,No,Yes,2023-11,2023Q4,28,332,No,No,FY2023,Q3
29/11/2023,2023,Q4,4,11,November,Nov,48,3,Wednesday,Wed,No,Yes,2023-11,2023Q4,29,333,No,No,FY2023,Q3
30/11/2023,2023,Q4,4,11,November,Nov,48,4,Thursday,Thu,No,Yes,2023-11,2023Q4,30,334,No,Yes,FY2023,Q3
01/12/2023,2023,Q4,4,12,December,Dec,48,5,Friday,Fri,No,Yes,2023-12,2023Q4,1,335,Yes,No,FY2023,Q3
02/12/2023,2023,Q4,4,12,December,Dec,48,6,Saturday,Sat,Yes,No,2023-12,2023Q4,2,336,No,No,FY2023,Q3
03/12/2023,2023,Q4,4,12,December,Dec,48,7,Sunday,Sun,Yes,No,2023-12,2023Q4,3,337,No,No,FY2023,Q3
04/12/2023,2023,Q4,4,12,December,Dec,49,1,Monday,Mon,No,Yes,2023-12,2023Q4,4,338,No,No,FY2023,Q3
05/12/2023,2023,Q4,4,12,December,Dec,49,2,Tuesday,Tue,No,Yes,2023-12,2023Q4,5,339,No,No,FY2023,Q3
06/12/2023,2023,Q4,4,12,December,Dec,49,3,Wednesday,Wed,No,Yes,2023-12,2023Q4,6,340,No,No,FY2023,Q3
07/12/2023,2023,Q4,4,12,December,Dec,49,4,Thursday,Thu,No,Yes,2023-12,2023Q4,7,341,No,No,FY2023,Q3
08/12/2023,2023,Q4,4,12,December,Dec,49,5,Friday,Fri,No,Yes,2023-12,2023Q4,8,342,No,No,FY2023,Q3
09/12/2023,2023,Q4,4,12,December,Dec,49,6,Saturday,Sat,Yes,No,2023-12,2023Q4,9,343,No,No,FY2023,Q3
10/12/2023,2023,Q4,4,12,December,Dec,49,7,Sunday,Sun,Yes,No,2023-12,2023Q4,10,344,No,No,FY2023,Q3
11/12/2023,2023,Q4,4,12,December,Dec,50,1,Monday,Mon,No,Yes,2023-12,2023Q4,11,345,No,No,FY2023,Q3
12/12/2023,2023,Q4,4,12,December,Dec,50,2,Tuesday,Tue,No,Yes,2023-12,2023Q4,12,346,No,No,FY2023,Q3
13/12/2023,2023,Q4,4,12,December,Dec,50,3,Wednesday,Wed,No,Yes,2023-12,2023Q4,13,347,No,No,FY2023,Q3
14/12/2023,2023,Q4,4,12,December,Dec,50,4,Thursday,Thu,No,Yes,2023-12,2023Q4,14,348,No,No,FY2023,Q3
15/12/2023,2023,Q4,4,12,December,Dec,50,5,Friday,Fri,No,Yes,2023-12,2023Q4,15,349,No,No,FY2023,Q3
16/12/2023,2023,Q4,4,12,December,Dec,50,6,Saturday,Sat,Yes,No,2023-12,2023Q4,16,350,No,No,FY2023,Q3
17/12/2023,2023,Q4,4,12,December,Dec,50,7,Sunday,Sun,Yes,No,2023-12,2023Q4,17,351,No,No,FY2023,Q3
18/12/2023,2023,Q4,4,12,December,Dec,51,1,Monday,Mon,No,Yes,2023-12,2023Q4,18,352,No,No,FY2023,Q3
19/12/2023,2023,Q4,4,12,December,Dec,51,2,Tuesday,Tue,No,Yes,2023-12,2023Q4,19,353,No,No,FY2023,Q3
20/12/2023,2023,Q4,4,12,December,Dec,51,3,Wednesday,Wed,No,Yes,2023-12,2023Q4,20,354,No,No,FY2023,Q3
21/12/2023,2023,Q4,4,12,December,Dec,51,4,Thursday,Thu,No,Yes,2023-12,2023Q4,21,355,No,No,FY2023,Q3
22/12/2023,2023,Q4,4,12,December,Dec,51,5,Friday,Fri,No,Yes,2023-12,2023Q4,22,356,No,No,FY2023,Q3
23/12/2023,2023,Q4,4,12,December,Dec,51,6,Saturday,Sat,Yes,No,2023-12,2023Q4,23,357,No,No,FY2023,Q3
24/12/2023,2023,Q4,4,12,December,Dec,51,7,Sunday,Sun,Yes,No,2023-12,2023Q4,24,358,No,No,FY2023,Q3
25/12/2023,2023,Q4,4,12,December,Dec,52,1,Monday,Mon,No,Yes,2023-12,2023Q4,25,359,No,No,FY2023,Q3
26/12/2023,2023,Q4,4,12,December,Dec,52,2,Tuesday,Tue,No,Yes,2023-12,2023Q4,26,360,No,No,FY2023,Q3
27/12/2023,2023,Q4,4,12,December,Dec,52,3,Wednesday,Wed,No,Yes,2023-12,2023Q4,27,361,No,No,FY2023,Q3
28/12/2023,2023,Q4,4,12,December,Dec,52,4,Thursday,Thu,No,Yes,2023-12,2023Q4,28,362,No,No,FY2023,Q3
29/12/2023,2023,Q4,4,12,December,Dec,52,5,Friday,Fri,No,Yes,2023-12,2023Q4,29,363,No,No,FY2023,Q3
30/12/2023,2023,Q4,4,12,December,Dec,52,6,Saturday,Sat,Yes,No,2023-12,2023Q4,30,364,No,No,FY2023,Q3
31/12/2023,2023,Q4,4,12,December,Dec,52,7,Sunday,Sun,Yes,No,2023-12,2023Q4,31,365,No,Yes,FY2023,Q3
01/01/2024,2024,Q1,1,1,January,Jan,1,1,Monday,Mon,No,Yes,2024-01,2024Q1,1,1,Yes,No,FY2023,Q4
02/01/2024,2024,Q1,1,1,January,Jan,1,2,Tuesday,Tue,No,Yes,2024-01,2024Q1,2,2,No,No,FY2023,Q4
03/01/2024,2024,Q1,1,1,January,Jan,1,3,Wednesday,Wed,No,Yes,2024-01,2024Q1,3,3,No,No,FY2023,Q4
04/01/2024,2024,Q1,1,1,January,Jan,1,4,Thursday,Thu,No,Yes,2024-01,2024Q1,4,4,No,No,FY2023,Q4
05/01/2024,2024,Q1,1,1,January,Jan,1,5,Friday,Fri,No,Yes,2024-01,2024Q1,5,5,No,No,FY2023,Q4
06/01/2024,2024,Q1,1,1,January,Jan,1,6,Saturday,Sat,Yes,No,2024-01,2024Q1,6,6,No,No,FY2023,Q4
07/01/2024,2024,Q1,1,1,January,Jan,1,7,Sunday,Sun,Yes,No,2024-01,2024Q1,7,7,No,No,FY2023,Q4
08/01/2024,2024,Q1,1,1,January,Jan,2,1,Monday,Mon,No,Yes,2024-01,2024Q1,8,8,No,No,FY2023,Q4
09/01/2024,2024,Q1,1,1,January,Jan,2,2,Tuesday,Tue,No,Yes,2024-01,2024Q1,9,9,No,No,FY2023,Q4
10/01/2024,2024,Q1,1,1,January,Jan,2,3,Wednesday,Wed,No,Yes,2024-01,2024Q1,10,10,No,No,FY2023,Q4
11/01/2024,2024,Q1,1,1,January,Jan,2,4,Thursday,Thu,No,Yes,2024-01,2024Q1,11,11,No,No,FY2023,Q4
12/01/2024,2024,Q1,1,1,January,Jan,2,5,Friday,Fri,No,Yes,2024-01,2024Q1,12,12,No,No,FY2023,Q4
13/01/2024,2024,Q1,1,1,January,Jan,2,6,Saturday,Sat,Yes,No,2024-01,2024Q1,13,13,No,No,FY2023,Q4
14/01/2024,2024,Q1,1,1,January,Jan,2,7,Sunday,Sun,Yes,No,2024-01,2024Q1,14,14,No,No,FY2023,Q4
15/01/2024,2024,Q1,1,1,January,Jan,3,1,Monday,Mon,No,Yes,2024-01,2024Q1,15,15,No,No,FY2023,Q4
16/01/2024,2024,Q1,1,1,January,Jan,3,2,Tuesday,Tue,No,Yes,2024-01,2024Q1,16,16,No,No,FY2023,Q4
17/01/2024,2024,Q1,1,1,January,Jan,3,3,Wednesday,Wed,No,Yes,2024-01,2024Q1,17,17,No,No,FY2023,Q4
18/01/2024,2024,Q1,1,1,January,Jan,3,4,Thursday,Thu,No,Yes,2024-01,2024Q1,18,18,No,No,FY2023,Q4
19/01/2024,2024,Q1,1,1,January,Jan,3,5,Friday,Fri,No,Yes,2024-01,2024Q1,19,19,No,No,FY2023,Q4
20/01/2024,2024,Q1,1,1,January,Jan,3,6,Saturday,Sat,Yes,No,2024-01,2024Q1,20,20,No,No,FY2023,Q4
21/01/2024,2024,Q1,1,1,January,Jan,3,7,Sunday,Sun,Yes,No,2024-01,2024Q1,21,21,No,No,FY2023,Q4
22/01/2024,2024,Q1,1,1,January,Jan,4,1,Monday,Mon,No,Yes,2024-01,2024Q1,22,22,No,No,FY2023,Q4
23/01/2024,2024,Q1,1,1,January,Jan,4,2,Tuesday,Tue,No,Yes,2024-01,2024Q1,23,23,No,No,FY2023,Q4
24/01/2024,2024,Q1,1,1,January,Jan,4,3,Wednesday,Wed,No,Yes,2024-01,2024Q1,24,24,No,No,FY2023,Q4
25/01/2024,2024,Q1,1,1,January,Jan,4,4,Thursday,Thu,No,Yes,2024-01,2024Q1,25,25,No,No,FY2023,Q4
26/01/2024,2024,Q1,1,1,January,Jan,4,5,Friday,Fri,No,Yes,2024-01,2024Q1,26,26,No,No,FY2023,Q4
27/01/2024,2024,Q1,1,1,January,Jan,4,6,Saturday,Sat,Yes,No,2024-01,2024Q1,27,27,No,No,FY2023,Q4
28/01/2024,2024,Q1,1,1,January,Jan,4,7,Sunday,Sun,Yes,No,2024-01,2024Q1,28,28,No,No,FY2023,Q4
29/01/2024,2024,Q1,1,1,January,Jan,5,1,Monday,Mon,No,Yes,2024-01,2024Q1,29,29,No,No,FY2023,Q4
30/01/2024,2024,Q1,1,1,January,Jan,5,2,Tuesday,Tue,No,Yes,2024-01,2024Q1,30,30,No,No,FY2023,Q4
31/01/2024,2024,Q1,1,1,January,Jan,5,3,Wednesday,Wed,No,Yes,2024-01,2024Q1,31,31,No,Yes,FY2023,Q4
01/02/2024,2024,Q1,1,2,February,Feb,5,4,Thursday,Thu,No,Yes,2024-02,2024Q1,1,32,Yes,No,FY2023,Q4
02/02/2024,2024,Q1,1,2,February,Feb,5,5,Friday,Fri,No,Yes,2024-02,2024Q1,2,33,No,No,FY2023,Q4
03/02/2024,2024,Q1,1,2,February,Feb,5,6,Saturday,Sat,Yes,No,2024-02,2024Q1,3,34,No,No,FY2023,Q4
04/02/2024,2024,Q1,1,2,February,Feb,5,7,Sunday,Sun,Yes,No,2024-02,2024Q1,4,35,No,No,FY2023,Q4
05/02/2024,2024,Q1,1,2,February,Feb,6,1,Monday,Mon,No,Yes,2024-02,2024Q1,5,36,No,No,FY2023,Q4
06/02/2024,2024,Q1,1,2,February,Feb,6,2,Tuesday,Tue,No,Yes,2024-02,2024Q1,6,37,No,No,FY2023,Q4
07/02/2024,2024,Q1,1,2,February,Feb,6,3,Wednesday,Wed,No,Yes,2024-02,2024Q1,7,38,No,No,FY2023,Q4
08/02/2024,2024,Q1,1,2,February,Feb,6,4,Thursday,Thu,No,Yes,2024-02,2024Q1,8,39,No,No,FY2023,Q4
09/02/2024,2024,Q1,1,2,February,Feb,6,5,Friday,Fri,No,Yes,2024-02,2024Q1,9,40,No,No,FY2023,Q4
10/02/2024,2024,Q1,1,2,February,Feb,6,6,Saturday,Sat,Yes,No,2024-02,2024Q1,10,41,No,No,FY2023,Q4
11/02/2024,2024,Q1,1,2,February,Feb,6,7,Sunday,Sun,Yes,No,2024-02,2024Q1,11,42,No,No,FY2023,Q4
12/02/2024,2024,Q1,1,2,February,Feb,7,1,Monday,Mon,No,Yes,2024-02,2024Q1,12,43,No,No,FY2023,Q4
13/02/2024,2024,Q1,1,2,February,Feb,7,2,Tuesday,Tue,No,Yes,2024-02,2024Q1,13,44,No,No,FY2023,Q4
14/02/2024,2024,Q1,1,2,February,Feb,7,3,Wednesday,Wed,No,Yes,2024-02,2024Q1,14,45,No,No,FY2023,Q4
15/02/2024,2024,Q1,1,2,February,Feb,7,4,Thursday,Thu,No,Yes,2024-02,2024Q1,15,46,No,No,FY2023,Q4
16/02/2024,2024,Q1,1,2,February,Feb,7,5,Friday,Fri,No,Yes,2024-02,2024Q1,16,47,No,No,FY2023,Q4
17/02/2024,2024,Q1,1,2,February,Feb,7,6,Saturday,Sat,Yes,No,2024-02,2024Q1,17,48,No,No,FY2023,Q4
18/02/2024,2024,Q1,1,2,February,Feb,7,7,Sunday,Sun,Yes,No,2024-02,2024Q1,18,49,No,No,FY2023,Q4
19/02/2024,2024,Q1,1,2,February,Feb,8,1,Monday,Mon,No,Yes,2024-02,2024Q1,19,50,No,No,FY2023,Q4
20/02/2024,2024,Q1,1,2,February,Feb,8,2,Tuesday,Tue,No,Yes,2024-02,2024Q1,20,51,No,No,FY2023,Q4
21/02/2024,2024,Q1,1,2,February,Feb,8,3,Wednesday,Wed,No,Yes,2024-02,2024Q1,21,52,No,No,FY2023,Q4
22/02/2024,2024,Q1,1,2,February,Feb,8,4,Thursday,Thu,No,Yes,2024-02,2024Q1,22,53,No,No,FY2023,Q4
23/02/2024,2024,Q1,1,2,February,Feb,8,5,Friday,Fri,No,Yes,2024-02,2024Q1,23,54,No,No,FY2023,Q4
24/02/2024,2024,Q1,1,2,February,Feb,8,6,Saturday,Sat,Yes,No,2024-02,2024Q1,24,55,No,No,FY2023,Q4
25/02/2024,2024,Q1,1,2,February,Feb,8,7,Sunday,Sun,Yes,No,2024-02,2024Q1,25,56,No,No,FY2023,Q4
26/02/2024,2024,Q1,1,2,February,Feb,9,1,Monday,Mon,No,Yes,2024-02,2024Q1,26,57,No,No,FY2023,Q4
27/02/2024,2024,Q1,1,2,February,Feb,9,2,Tuesday,Tue,No,Yes,2024-02,2024Q1,27,58,No,No,FY2023,Q4
28/02/2024,2024,Q1,1,2,February,Feb,9,3,Wednesday,Wed,No,Yes,2024-02,2024Q1,28,59,No,No,FY2023,Q4
29/02/2024,2024,Q1,1,2,February,Feb,9,4,Thursday,Thu,No,Yes,2024-02,2024Q1,29,60,No,Yes,FY2023,Q4
01/03/2024,2024,Q1,1,3,March,Mar,9,5,Friday,Fri,No,Yes,2024-03,2024Q1,1,61,Yes,No,FY2023,Q4
02/03/2024,2024,Q1,1,3,March,Mar,9,6,Saturday,Sat,Yes,No,2024-03,2024Q1,2,62,No,No,FY2023,Q4
03/03/2024,2024,Q1,1,3,March,Mar,9,7,Sunday,Sun,Yes,No,2024-03,2024Q1,3,63,No,No,FY2023,Q4
04/03/2024,2024,Q1,1,3,March,Mar,10,1,Monday,Mon,No,Yes,2024-03,2024Q1,4,64,No,No,FY2023,Q4
05/03/2024,2024,Q1,1,3,March,Mar,10,2,Tuesday,Tue,No,Yes,2024-03,2024Q1,5,65,No,No,FY2023,Q4
06/03/2024,2024,Q1,1,3,March,Mar,10,3,Wednesday,Wed,No,Yes,2024-03,2024Q1,6,66,No,No,FY2023,Q4
07/03/2024,2024,Q1,1,3,March,Mar,10,4,Thursday,Thu,No,Yes,2024-03,2024Q1,7,67,No,No,FY2023,Q4
08/03/2024,2024,Q1,1,3,March,Mar,10,5,Friday,Fri,No,Yes,2024-03,2024Q1,8,68,No,No,FY2023,Q4
09/03/2024,2024,Q1,1,3,March,Mar,10,6,Saturday,Sat,Yes,No,2024-03,2024Q1,9,69,No,No,FY2023,Q4
10/03/2024,2024,Q1,1,3,March,Mar,10,7,Sunday,Sun,Yes,No,2024-03,2024Q1,10,70,No,No,FY2023,Q4
11/03/2024,2024,Q1,1,3,March,Mar,11,1,Monday,Mon,No,Yes,2024-03,2024Q1,11,71,No,No,FY2023,Q4
12/03/2024,2024,Q1,1,3,March,Mar,11,2,Tuesday,Tue,No,Yes,2024-03,2024Q1,12,72,No,No,FY2023,Q4
13/03/2024,2024,Q1,1,3,March,Mar,11,3,Wednesday,Wed,No,Yes,2024-03,2024Q1,13,73,No,No,FY2023,Q4
14/03/2024,2024,Q1,1,3,March,Mar,11,4,Thursday,Thu,No,Yes,2024-03,2024Q1,14,74,No,No,FY2023,Q4
15/03/2024,2024,Q1,1,3,March,Mar,11,5,Friday,Fri,No,Yes,2024-03,2024Q1,15,75,No,No,FY2023,Q4
16/03/2024,2024,Q1,1,3,March,Mar,11,6,Saturday,Sat,Yes,No,2024-03,2024Q1,16,76,No,No,FY2023,Q4
17/03/2024,2024,Q1,1,3,March,Mar,11,7,Sunday,Sun,Yes,No,2024-03,2024Q1,17,77,No,No,FY2023,Q4
18/03/2024,2024,Q1,1,3,March,Mar,12,1,Monday,Mon,No,Yes,2024-03,2024Q1,18,78,No,No,FY2023,Q4
19/03/2024,2024,Q1,1,3,March,Mar,12,2,Tuesday,Tue,No,Yes,2024-03,2024Q1,19,79,No,No,FY2023,Q4
20/03/2024,2024,Q1,1,3,March,Mar,12,3,Wednesday,Wed,No,Yes,2024-03,2024Q1,20,80,No,No,FY2023,Q4
21/03/2024,2024,Q1,1,3,March,Mar,12,4,Thursday,Thu,No,Yes,2024-03,2024Q1,21,81,No,No,FY2023,Q4
22/03/2024,2024,Q1,1,3,March,Mar,12,5,Friday,Fri,No,Yes,2024-03,2024Q1,22,82,No,No,FY2023,Q4
23/03/2024,2024,Q1,1,3,March,Mar,12,6,Saturday,Sat,Yes,No,2024-03,2024Q1,23,83,No,No,FY2023,Q4
24/03/2024,2024,Q1,1,3,March,Mar,12,7,Sunday,Sun,Yes,No,2024-03,2024Q1,24,84,No,No,FY2023,Q4
25/03/2024,2024,Q1,1,3,March,Mar,13,1,Monday,Mon,No,Yes,2024-03,2024Q1,25,85,No,No,FY2023,Q4
26/03/2024,2024,Q1,1,3,March,Mar,13,2,Tuesday,Tue,No,Yes,2024-03,2024Q1,26,86,No,No,FY2023,Q4
27/03/2024,2024,Q1,1,3,March,Mar,13,3,Wednesday,Wed,No,Yes,2024-03,2024Q1,27,87,No,No,FY2023,Q4
28/03/2024,2024,Q1,1,3,March,Mar,13,4,Thursday,Thu,No,Yes,2024-03,2024Q1,28,88,No,No,FY2023,Q4
29/03/2024,2024,Q1,1,3,March,Mar,13,5,Friday,Fri,No,Yes,2024-03,2024Q1,29,89,No,No,FY2023,Q4
30/03/2024,2024,Q1,1,3,March,Mar,13,6,Saturday,Sat,Yes,No,2024-03,2024Q1,30,90,No,No,FY2023,Q4
31/03/2024,2024,Q1,1,3,March,Mar,13,7,Sunday,Sun,Yes,No,2024-03,2024Q1,31,91,No,Yes,FY2023,Q4
01/04/2024,2024,Q2,2,4,April,Apr,14,1,Monday,Mon,No,Yes,2024-04,2024Q2,1,92,Yes,No,FY2024,Q1
02/04/2024,2024,Q2,2,4,April,Apr,14,2,Tuesday,Tue,No,Yes,2024-04,2024Q2,2,93,No,No,FY2024,Q1
03/04/2024,2024,Q2,2,4,April,Apr,14,3,Wednesday,Wed,No,Yes,2024-04,2024Q2,3,94,No,No,FY2024,Q1
04/04/2024,2024,Q2,2,4,April,Apr,14,4,Thursday,Thu,No,Yes,2024-04,2024Q2,4,95,No,No,FY2024,Q1
05/04/2024,2024,Q2,2,4,April,Apr,14,5,Friday,Fri,No,Yes,2024-04,2024Q2,5,96,No,No,FY2024,Q1
06/04/2024,2024,Q2,2,4,April,Apr,14,6,Saturday,Sat,Yes,No,2024-04,2024Q2,6,97,No,No,FY2024,Q1
07/04/2024,2024,Q2,2,4,April,Apr,14,7,Sunday,Sun,Yes,No,2024-04,2024Q2,7,98,No,No,FY2024,Q1
08/04/2024,2024,Q2,2,4,April,Apr,15,1,Monday,Mon,No,Yes,2024-04,2024Q2,8,99,No,No,FY2024,Q1
09/04/2024,2024,Q2,2,4,April,Apr,15,2,Tuesday,Tue,No,Yes,2024-04,2024Q2,9,100,No,No,FY2024,Q1
10/04/2024,2024,Q2,2,4,April,Apr,15,3,Wednesday,Wed,No,Yes,2024-04,2024Q2,10,101,No,No,FY2024,Q1
11/04/2024,2024,Q2,2,4,April,Apr,15,4,Thursday,Thu,No,Yes,2024-04,2024Q2,11,102,No,No,FY2024,Q1
12/04/2024,2024,Q2,2,4,April,Apr,15,5,Friday,Fri,No,Yes,2024-04,2024Q2,12,103,No,No,FY2024,Q1
13/04/2024,2024,Q2,2,4,April,Apr,15,6,Saturday,Sat,Yes,No,2024-04,2024Q2,13,104,No,No,FY2024,Q1
14/04/2024,2024,Q2,2,4,April,Apr,15,7,Sunday,Sun,Yes,No,2024-04,2024Q2,14,105,No,No,FY2024,Q1
15/04/2024,2024,Q2,2,4,April,Apr,16,1,Monday,Mon,No,Yes,2024-04,2024Q2,15,106,No,No,FY2024,Q1
16/04/2024,2024,Q2,2,4,April,Apr,16,2,Tuesday,Tue,No,Yes,2024-04,2024Q2,16,107,No,No,FY2024,Q1
17/04/2024,2024,Q2,2,4,April,Apr,16,3,Wednesday,Wed,No,Yes,2024-04,2024Q2,17,108,No,No,FY2024,Q1
18/04/2024,2024,Q2,2,4,April,Apr,16,4,Thursday,Thu,No,Yes,2024-04,2024Q2,18,109,No,No,FY2024,Q1
19/04/2024,2024,Q2,2,4,April,Apr,16,5,Friday,Fri,No,Yes,2024-04,2024Q2,19,110,No,No,FY2024,Q1
20/04/2024,2024,Q2,2,4,April,Apr,16,6,Saturday,Sat,Yes,No,2024-04,2024Q2,20,111,No,No,FY2024,Q1
21/04/2024,2024,Q2,2,4,April,Apr,16,7,Sunday,Sun,Yes,No,2024-04,2024Q2,21,112,No,No,FY2024,Q1
22/04/2024,2024,Q2,2,4,April,Apr,17,1,Monday,Mon,No,Yes,2024-04,2024Q2,22,113,No,No,FY2024,Q1
23/04/2024,2024,Q2,2,4,April,Apr,17,2,Tuesday,Tue,No,Yes,2024-04,2024Q2,23,114,No,No,FY2024,Q1
24/04/2024,2024,Q2,2,4,April,Apr,17,3,Wednesday,Wed,No,Yes,2024-04,2024Q2,24,115,No,No,FY2024,Q1
25/04/2024,2024,Q2,2,4,April,Apr,17,4,Thursday,Thu,No,Yes,2024-04,2024Q2,25,116,No,No,FY2024,Q1
26/04/2024,2024,Q2,2,4,April,Apr,17,5,Friday,Fri,No,Yes,2024-04,2024Q2,26,117,No,No,FY2024,Q1
27/04/2024,2024,Q2,2,4,April,Apr,17,6,Saturday,Sat,Yes,No,2024-04,2024Q2,27,118,No,No,FY2024,Q1
28/04/2024,2024,Q2,2,4,April,Apr,17,7,Sunday,Sun,Yes,No,2024-04,2024Q2,28,119,No,No,FY2024,Q1
29/04/2024,2024,Q2,2,4,April,Apr,18,1,Monday,Mon,No,Yes,2024-04,2024Q2,29,120,No,No,FY2024,Q1
30/04/2024,2024,Q2,2,4,April,Apr,18,2,Tuesday,Tue,No,Yes,2024-04,2024Q2,30,121,No,Yes,FY2024,Q1
01/05/2024,2024,Q2,2,5,May,May,18,3,Wednesday,Wed,No,Yes,2024-05,2024Q2,1,122,Yes,No,FY2024,Q1
02/05/2024,2024,Q2,2,5,May,May,18,4,Thursday,Thu,No,Yes,2024-05,2024Q2,2,123,No,No,FY2024,Q1
03/05/2024,2024,Q2,2,5,May,May,18,5,Friday,Fri,No,Yes,2024-05,2024Q2,3,124,No,No,FY2024,Q1
04/05/2024,2024,Q2,2,5,May,May,18,6,Saturday,Sat,Yes,No,2024-05,2024Q2,4,125,No,No,FY2024,Q1
05/05/2024,2024,Q2,2,5,May,May,18,7,Sunday,Sun,Yes,No,2024-05,2024Q2,5,126,No,No,FY2024,Q1
06/05/2024,2024,Q2,2,5,May,May,19,1,Monday,Mon,No,Yes,2024-05,2024Q2,6,127,No,No,FY2024,Q1
07/05/2024,2024,Q2,2,5,May,May,19,2,Tuesday,Tue,No,Yes,2024-05,2024Q2,7,128,No,No,FY2024,Q1
08/05/2024,2024,Q2,2,5,May,May,19,3,Wednesday,Wed,No,Yes,2024-05,2024Q2,8,129,No,No,FY2024,Q1
09/05/2024,2024,Q2,2,5,May,May,19,4,Thursday,Thu,No,Yes,2024-05,2024Q2,9,130,No,No,FY2024,Q1
10/05/2024,2024,Q2,2,5,May,May,19,5,Friday,Fri,No,Yes,2024-05,2024Q2,10,131,No,No,FY2024,Q1
11/05/2024,2024,Q2,2,5,May,May,19,6,Saturday,Sat,Yes,No,2024-05,2024Q2,11,132,No,No,FY2024,Q1
12/05/2024,2024,Q2,2,5,May,May,19,7,Sunday,Sun,Yes,No,2024-05,2024Q2,12,133,No,No,FY2024,Q1
13/05/2024,2024,Q2,2,5,May,May,20,1,Monday,Mon,No,Yes,2024-05,2024Q2,13,134,No,No,FY2024,Q1
14/05/2024,2024,Q2,2,5,May,May,20,2,Tuesday,Tue,No,Yes,2024-05,2024Q2,14,135,No,No,FY2024,Q1
15/05/2024,2024,Q2,2,5,May,May,20,3,Wednesday,Wed,No,Yes,2024-05,2024Q2,15,136,No,No,FY2024,Q1
16/05/2024,2024,Q2,2,5,May,May,20,4,Thursday,Thu,No,Yes,2024-05,2024Q2,16,137,No,No,FY2024,Q1
17/05/2024,2024,Q2,2,5,May,May,20,5,Friday,Fri,No,Yes,2024-05,2024Q2,17,138,No,No,FY2024,Q1
18/05/2024,2024,Q2,2,5,May,May,20,6,Saturday,Sat,Yes,No,2024-05,2024Q2,18,139,No,No,FY2024,Q1
19/05/2024,2024,Q2,2,5,May,May,20,7,Sunday,Sun,Yes,No,2024-05,2024Q2,19,140,No,No,FY2024,Q1
20/05/2024,2024,Q2,2,5,May,May,21,1,Monday,Mon,No,Yes,2024-05,2024Q2,20,141,No,No,FY2024,Q1
21/05/2024,2024,Q2,2,5,May,May,21,2,Tuesday,Tue,No,Yes,2024-05,2024Q2,21,142,No,No,FY2024,Q1
22/05/2024,2024,Q2,2,5,May,May,21,3,Wednesday,Wed,No,Yes,2024-05,2024Q2,22,143,No,No,FY2024,Q1
23/05/2024,2024,Q2,2,5,May,May,21,4,Thursday,Thu,No,Yes,2024-05,2024Q2,23,144,No,No,FY2024,Q1
24/05/2024,2024,Q2,2,5,May,May,21,5,Friday,Fri,No,Yes,2024-05,2024Q2,24,145,No,No,FY2024,Q1
25/05/2024,2024,Q2,2,5,May,May,21,6,Saturday,Sat,Yes,No,2024-05,2024Q2,25,146,No,No,FY2024,Q1
26/05/2024,2024,Q2,2,5,May,May,21,7,Sunday,Sun,Yes,No,2024-05,2024Q2,26,147,No,No,FY2024,Q1
27/05/2024,2024,Q2,2,5,May,May,22,1,Monday,Mon,No,Yes,2024-05,2024Q2,27,148,No,No,FY2024,Q1
28/05/2024,2024,Q2,2,5,May,May,22,2,Tuesday,Tue,No,Yes,2024-05,2024Q2,28,149,No,No,FY2024,Q1
29/05/2024,2024,Q2,2,5,May,May,22,3,Wednesday,Wed,No,Yes,2024-05,2024Q2,29,150,No,No,FY2024,Q1
30/05/2024,2024,Q2,2,5,May,May,22,4,Thursday,Thu,No,Yes,2024-05,2024Q2,30,151,No,No,FY2024,Q1
31/05/2024,2024,Q2,2,5,May,May,22,5,Friday,Fri,No,Yes,2024-05,2024Q2,31,152,No,Yes,FY2024,Q1
01/06/2024,2024,Q2,2,6,June,Jun,22,6,Saturday,Sat,Yes,No,2024-06,2024Q2,1,153,Yes,No,FY2024,Q1
02/06/2024,2024,Q2,2,6,June,Jun,22,7,Sunday,Sun,Yes,No,2024-06,2024Q2,2,154,No,No,FY2024,Q1
03/06/2024,2024,Q2,2,6,June,Jun,23,1,Monday,Mon,No,Yes,2024-06,2024Q2,3,155,No,No,FY2024,Q1
04/06/2024,2024,Q2,2,6,June,Jun,23,2,Tuesday,Tue,No,Yes,2024-06,2024Q2,4,156,No,No,FY2024,Q1
05/06/2024,2024,Q2,2,6,June,Jun,23,3,Wednesday,Wed,No,Yes,2024-06,2024Q2,5,157,No,No,FY2024,Q1
06/06/2024,2024,Q2,2,6,June,Jun,23,4,Thursday,Thu,No,Yes,2024-06,2024Q2,6,158,No,No,FY2024,Q1
07/06/2024,2024,Q2,2,6,June,Jun,23,5,Friday,Fri,No,Yes,2024-06,2024Q2,7,159,No,No,FY2024,Q1
08/06/2024,2024,Q2,2,6,June,Jun,23,6,Saturday,Sat,Yes,No,2024-06,2024Q2,8,160,No,No,FY2024,Q1
09/06/2024,2024,Q2,2,6,June,Jun,23,7,Sunday,Sun,Yes,No,2024-06,2024Q2,9,161,No,No,FY2024,Q1
10/06/2024,2024,Q2,2,6,June,Jun,24,1,Monday,Mon,No,Yes,2024-06,2024Q2,10,162,No,No,FY2024,Q1
11/06/2024,2024,Q2,2,6,June,Jun,24,2,Tuesday,Tue,No,Yes,2024-06,2024Q2,11,163,No,No,FY2024,Q1
12/06/2024,2024,Q2,2,6,June,Jun,24,3,Wednesday,Wed,No,Yes,2024-06,2024Q2,12,164,No,No,FY2024,Q1
13/06/2024,2024,Q2,2,6,June,Jun,24,4,Thursday,Thu,No,Yes,2024-06,2024Q2,13,165,No,No,FY2024,Q1
14/06/2024,2024,Q2,2,6,June,Jun,24,5,Friday,Fri,No,Yes,2024-06,2024Q2,14,166,No,No,FY2024,Q1
15/06/2024,2024,Q2,2,6,June,Jun,24,6,Saturday,Sat,Yes,No,2024-06,2024Q2,15,167,No,No,FY2024,Q1
16/06/2024,2024,Q2,2,6,June,Jun,24,7,Sunday,Sun,Yes,No,2024-06,2024Q2,16,168,No,No,FY2024,Q1
17/06/2024,2024,Q2,2,6,June,Jun,25,1,Monday,Mon,No,Yes,2024-06,2024Q2,17,169,No,No,FY2024,Q1
18/06/2024,2024,Q2,2,6,June,Jun,25,2,Tuesday,Tue,No,Yes,2024-06,2024Q2,18,170,No,No,FY2024,Q1
19/06/2024,2024,Q2,2,6,June,Jun,25,3,Wednesday,Wed,No,Yes,2024-06,2024Q2,19,171,No,No,FY2024,Q1
20/06/2024,2024,Q2,2,6,June,Jun,25,4,Thursday,Thu,No,Yes,2024-06,2024Q2,20,172,No,No,FY2024,Q1
21/06/2024,2024,Q2,2,6,June,Jun,25,5,Friday,Fri,No,Yes,2024-06,2024Q2,21,173,No,No,FY2024,Q1
22/06/2024,2024,Q2,2,6,June,Jun,25,6,Saturday,Sat,Yes,No,2024-06,2024Q2,22,174,No,No,FY2024,Q1
23/06/2024,2024,Q2,2,6,June,Jun,25,7,Sunday,Sun,Yes,No,2024-06,2024Q2,23,175,No,No,FY2024,Q1
24/06/2024,2024,Q2,2,6,June,Jun,26,1,Monday,Mon,No,Yes,2024-06,2024Q2,24,176,No,No,FY2024,Q1
25/06/2024,2024,Q2,2,6,June,Jun,26,2,Tuesday,Tue,No,Yes,2024-06,2024Q2,25,177,No,No,FY2024,Q1
26/06/2024,2024,Q2,2,6,June,Jun,26,3,Wednesday,Wed,No,Yes,2024-06,2024Q2,26,178,No,No,FY2024,Q1
27/06/2024,2024,Q2,2,6,June,Jun,26,4,Thursday,Thu,No,Yes,2024-06,2024Q2,27,179,No,No,FY2024,Q1
28/06/2024,2024,Q2,2,6,June,Jun,26,5,Friday,Fri,No,Yes,2024-06,2024Q2,28,180,No,No,FY2024,Q1
29/06/2024,2024,Q2,2,6,June,Jun,26,6,Saturday,Sat,Yes,No,2024-06,2024Q2,29,181,No,No,FY2024,Q1
30/06/2024,2024,Q2,2,6,June,Jun,26,7,Sunday,Sun,Yes,No,2024-06,2024Q2,30,182,No,Yes,FY2024,Q1
01/07/2024,2024,Q3,3,7,July,Jul,27,1,Monday,Mon,No,Yes,2024-07,2024Q3,1,183,Yes,No,FY2024,Q2
02/07/2024,2024,Q3,3,7,July,Jul,27,2,Tuesday,Tue,No,Yes,2024-07,2024Q3,2,184,No,No,FY2024,Q2
03/07/2024,2024,Q3,3,7,July,Jul,27,3,Wednesday,Wed,No,Yes,2024-07,2024Q3,3,185,No,No,FY2024,Q2
04/07/2024,2024,Q3,3,7,July,Jul,27,4,Thursday,Thu,No,Yes,2024-07,2024Q3,4,186,No,No,FY2024,Q2
05/07/2024,2024,Q3,3,7,July,Jul,27,5,Friday,Fri,No,Yes,2024-07,2024Q3,5,187,No,No,FY2024,Q2
06/07/2024,2024,Q3,3,7,July,Jul,27,6,Saturday,Sat,Yes,No,2024-07,2024Q3,6,188,No,No,FY2024,Q2
07/07/2024,2024,Q3,3,7,July,Jul,27,7,Sunday,Sun,Yes,No,2024-07,2024Q3,7,189,No,No,FY2024,Q2
08/07/2024,2024,Q3,3,7,July,Jul,28,1,Monday,Mon,No,Yes,2024-07,2024Q3,8,190,No,No,FY2024,Q2
09/07/2024,2024,Q3,3,7,July,Jul,28,2,Tuesday,Tue,No,Yes,2024-07,2024Q3,9,191,No,No,FY2024,Q2
10/07/2024,2024,Q3,3,7,July,Jul,28,3,Wednesday,Wed,No,Yes,2024-07,2024Q3,10,192,No,No,FY2024,Q2
11/07/2024,2024,Q3,3,7,July,Jul,28,4,Thursday,Thu,No,Yes,2024-07,2024Q3,11,193,No,No,FY2024,Q2
12/07/2024,2024,Q3,3,7,July,Jul,28,5,Friday,Fri,No,Yes,2024-07,2024Q3,12,194,No,No,FY2024,Q2
13/07/2024,2024,Q3,3,7,July,Jul,28,6,Saturday,Sat,Yes,No,2024-07,2024Q3,13,195,No,No,FY2024,Q2
14/07/2024,2024,Q3,3,7,July,Jul,28,7,Sunday,Sun,Yes,No,2024-07,2024Q3,14,196,No,No,FY2024,Q2
15/07/2024,2024,Q3,3,7,July,Jul,29,1,Monday,Mon,No,Yes,2024-07,2024Q3,15,197,No,No,FY2024,Q2
16/07/2024,2024,Q3,3,7,July,Jul,29,2,Tuesday,Tue,No,Yes,2024-07,2024Q3,16,198,No,No,FY2024,Q2
17/07/2024,2024,Q3,3,7,July,Jul,29,3,Wednesday,Wed,No,Yes,2024-07,2024Q3,17,199,No,No,FY2024,Q2
18/07/2024,2024,Q3,3,7,July,Jul,29,4,Thursday,Thu,No,Yes,2024-07,2024Q3,18,200,No,No,FY2024,Q2
19/07/2024,2024,Q3,3,7,July,Jul,29,5,Friday,Fri,No,Yes,2024-07,2024Q3,19,201,No,No,FY2024,Q2
20/07/2024,2024,Q3,3,7,July,Jul,29,6,Saturday,Sat,Yes,No,2024-07,2024Q3,20,202,No,No,FY2024,Q2
21/07/2024,2024,Q3,3,7,July,Jul,29,7,Sunday,Sun,Yes,No,2024-07,2024Q3,21,203,No,No,FY2024,Q2
22/07/2024,2024,Q3,3,7,July,Jul,30,1,Monday,Mon,No,Yes,2024-07,2024Q3,22,204,No,No,FY2024,Q2
23/07/2024,2024,Q3,3,7,July,Jul,30,2,Tuesday,Tue,No,Yes,2024-07,2024Q3,23,205,No,No,FY2024,Q2
24/07/2024,2024,Q3,3,7,July,Jul,30,3,Wednesday,Wed,No,Yes,2024-07,2024Q3,24,206,No,No,FY2024,Q2
25/07/2024,2024,Q3,3,7,July,Jul,30,4,Thursday,Thu,No,Yes,2024-07,2024Q3,25,207,No,No,FY2024,Q2
26/07/2024,2024,Q3,3,7,July,Jul,30,5,Friday,Fri,No,Yes,2024-07,2024Q3,26,208,No,No,FY2024,Q2
27/07/2024,2024,Q3,3,7,July,Jul,30,6,Saturday,Sat,Yes,No,2024-07,2024Q3,27,209,No,No,FY2024,Q2
28/07/2024,2024,Q3,3,7,July,Jul,30,7,Sunday,Sun,Yes,No,2024-07,2024Q3,28,210,No,No,FY2024,Q2
29/07/2024,2024,Q3,3,7,July,Jul,31,1,Monday,Mon,No,Yes,2024-07,2024Q3,29,211,No,No,FY2024,Q2
30/07/2024,2024,Q3,3,7,July,Jul,31,2,Tuesday,Tue,No,Yes,2024-07,2024Q3,30,212,No,No,FY2024,Q2
31/07/2024,2024,Q3,3,7,July,Jul,31,3,Wednesday,Wed,No,Yes,2024-07,2024Q3,31,213,No,Yes,FY2024,Q2
01/08/2024,2024,Q3,3,8,August,Aug,31,4,Thursday,Thu,No,Yes,2024-08,2024Q3,1,214,Yes,No,FY2024,Q2
02/08/2024,2024,Q3,3,8,August,Aug,31,5,Friday,Fri,No,Yes,2024-08,2024Q3,2,215,No,No,FY2024,Q2
03/08/2024,2024,Q3,3,8,August,Aug,31,6,Saturday,Sat,Yes,No,2024-08,2024Q3,3,216,No,No,FY2024,Q2
04/08/2024,2024,Q3,3,8,August,Aug,31,7,Sunday,Sun,Yes,No,2024-08,2024Q3,4,217,No,No,FY2024,Q2
05/08/2024,2024,Q3,3,8,August,Aug,32,1,Monday,Mon,No,Yes,2024-08,2024Q3,5,218,No,No,FY2024,Q2
06/08/2024,2024,Q3,3,8,August,Aug,32,2,Tuesday,Tue,No,Yes,2024-08,2024Q3,6,219,No,No,FY2024,Q2
07/08/2024,2024,Q3,3,8,August,Aug,32,3,Wednesday,Wed,No,Yes,2024-08,2024Q3,7,220,No,No,FY2024,Q2
08/08/2024,2024,Q3,3,8,August,Aug,32,4,Thursday,Thu,No,Yes,2024-08,2024Q3,8,221,No,No,FY2024,Q2
09/08/2024,2024,Q3,3,8,August,Aug,32,5,Friday,Fri,No,Yes,2024-08,2024Q3,9,222,No,No,FY2024,Q2
10/08/2024,2024,Q3,3,8,August,Aug,32,6,Saturday,Sat,Yes,No,2024-08,2024Q3,10,223,No,No,FY2024,Q2
11/08/2024,2024,Q3,3,8,August,Aug,32,7,Sunday,Sun,Yes,No,2024-08,2024Q3,11,224,No,No,FY2024,Q2
12/08/2024,2024,Q3,3,8,August,Aug,33,1,Monday,Mon,No,Yes,2024-08,2024Q3,12,225,No,No,FY2024,Q2
13/08/2024,2024,Q3,3,8,August,Aug,33,2,Tuesday,Tue,No,Yes,2024-08,2024Q3,13,226,No,No,FY2024,Q2
14/08/2024,2024,Q3,3,8,August,Aug,33,3,Wednesday,Wed,No,Yes,2024-08,2024Q3,14,227,No,No,FY2024,Q2
15/08/2024,2024,Q3,3,8,August,Aug,33,4,Thursday,Thu,No,Yes,2024-08,2024Q3,15,228,No,No,FY2024,Q2
16/08/2024,2024,Q3,3,8,August,Aug,33,5,Friday,Fri,No,Yes,2024-08,2024Q3,16,229,No,No,FY2024,Q2
17/08/2024,2024,Q3,3,8,August,Aug,33,6,Saturday,Sat,Yes,No,2024-08,2024Q3,17,230,No,No,FY2024,Q2
18/08/2024,2024,Q3,3,8,August,Aug,33,7,Sunday,Sun,Yes,No,2024-08,2024Q3,18,231,No,No,FY2024,Q2
19/08/2024,2024,Q3,3,8,August,Aug,34,1,Monday,Mon,No,Yes,2024-08,2024Q3,19,232,No,No,FY2024,Q2
20/08/2024,2024,Q3,3,8,August,Aug,34,2,Tuesday,Tue,No,Yes,2024-08,2024Q3,20,233,No,No,FY2024,Q2
21/08/2024,2024,Q3,3,8,August,Aug,34,3,Wednesday,Wed,No,Yes,2024-08,2024Q3,21,234,No,No,FY2024,Q2
22/08/2024,2024,Q3,3,8,August,Aug,34,4,Thursday,Thu,No,Yes,2024-08,2024Q3,22,235,No,No,FY2024,Q2
23/08/2024,2024,Q3,3,8,August,Aug,34,5,Friday,Fri,No,Yes,2024-08,2024Q3,23,236,No,No,FY2024,Q2
24/08/2024,2024,Q3,3,8,August,Aug,34,6,Saturday,Sat,Yes,No,2024-08,2024Q3,24,237,No,No,FY2024,Q2
25/08/2024,2024,Q3,3,8,August,Aug,34,7,Sunday,Sun,Yes,No,2024-08,2024Q3,25,238,No,No,FY2024,Q2
26/08/2024,2024,Q3,3,8,August,Aug,35,1,Monday,Mon,No,Yes,2024-08,2024Q3,26,239,No,No,FY2024,Q2
27/08/2024,2024,Q3,3,8,August,Aug,35,2,Tuesday,Tue,No,Yes,2024-08,2024Q3,27,240,No,No,FY2024,Q2
28/08/2024,2024,Q3,3,8,August,Aug,35,3,Wednesday,Wed,No,Yes,2024-08,2024Q3,28,241,No,No,FY2024,Q2
29/08/2024,2024,Q3,3,8,August,Aug,35,4,Thursday,Thu,No,Yes,2024-08,2024Q3,29,242,No,No,FY2024,Q2
30/08/2024,2024,Q3,3,8,August,Aug,35,5,Friday,Fri,No,Yes,2024-08,2024Q3,30,243,No,No,FY2024,Q2
31/08/2024,2024,Q3,3,8,August,Aug,35,6,Saturday,Sat,Yes,No,2024-08,2024Q3,31,244,No,Yes,FY2024,Q2
01/09/2024,2024,Q3,3,9,September,Sep,35,7,Sunday,Sun,Yes,No,2024-09,2024Q3,1,245,Yes,No,FY2024,Q2
02/09/2024,2024,Q3,3,9,September,Sep,36,1,Monday,Mon,No,Yes,2024-09,2024Q3,2,246,No,No,FY2024,Q2
03/09/2024,2024,Q3,3,9,September,Sep,36,2,Tuesday,Tue,No,Yes,2024-09,2024Q3,3,247,No,No,FY2024,Q2
04/09/2024,2024,Q3,3,9,September,Sep,36,3,Wednesday,Wed,No,Yes,2024-09,2024Q3,4,248,No,No,FY2024,Q2
05/09/2024,2024,Q3,3,9,September,Sep,36,4,Thursday,Thu,No,Yes,2024-09,2024Q3,5,249,No,No,FY2024,Q2
06/09/2024,2024,Q3,3,9,September,Sep,36,5,Friday,Fri,No,Yes,2024-09,2024Q3,6,250,No,No,FY2024,Q2
07/09/2024,2024,Q3,3,9,September,Sep,36,6,Saturday,Sat,Yes,No,2024-09,2024Q3,7,251,No,No,FY2024,Q2
08/09/2024,2024,Q3,3,9,September,Sep,36,7,Sunday,Sun,Yes,No,2024-09,2024Q3,8,252,No,No,FY2024,Q2
09/09/2024,2024,Q3,3,9,September,Sep,37,1,Monday,Mon,No,Yes,2024-09,2024Q3,9,253,No,No,FY2024,Q2
10/09/2024,2024,Q3,3,9,September,Sep,37,2,Tuesday,Tue,No,Yes,2024-09,2024Q3,10,254,No,No,FY2024,Q2
11/09/2024,2024,Q3,3,9,September,Sep,37,3,Wednesday,Wed,No,Yes,2024-09,2024Q3,11,255,No,No,FY2024,Q2
12/09/2024,2024,Q3,3,9,September,Sep,37,4,Thursday,Thu,No,Yes,2024-09,2024Q3,12,256,No,No,FY2024,Q2
13/09/2024,2024,Q3,3,9,September,Sep,37,5,Friday,Fri,No,Yes,2024-09,2024Q3,13,257,No,No,FY2024,Q2
14/09/2024,2024,Q3,3,9,September,Sep,37,6,Saturday,Sat,Yes,No,2024-09,2024Q3,14,258,No,No,FY2024,Q2
15/09/2024,2024,Q3,3,9,September,Sep,37,7,Sunday,Sun,Yes,No,2024-09,2024Q3,15,259,No,No,FY2024,Q2
16/09/2024,2024,Q3,3,9,September,Sep,38,1,Monday,Mon,No,Yes,2024-09,2024Q3,16,260,No,No,FY2024,Q2
17/09/2024,2024,Q3,3,9,September,Sep,38,2,Tuesday,Tue,No,Yes,2024-09,2024Q3,17,261,No,No,FY2024,Q2
18/09/2024,2024,Q3,3,9,September,Sep,38,3,Wednesday,Wed,No,Yes,2024-09,2024Q3,18,262,No,No,FY2024,Q2
19/09/2024,2024,Q3,3,9,September,Sep,38,4,Thursday,Thu,No,Yes,2024-09,2024Q3,19,263,No,No,FY2024,Q2
20/09/2024,2024,Q3,3,9,September,Sep,38,5,Friday,Fri,No,Yes,2024-09,2024Q3,20,264,No,No,FY2024,Q2
21/09/2024,2024,Q3,3,9,September,Sep,38,6,Saturday,Sat,Yes,No,2024-09,2024Q3,21,265,No,No,FY2024,Q2
22/09/2024,2024,Q3,3,9,September,Sep,38,7,Sunday,Sun,Yes,No,2024-09,2024Q3,22,266,No,No,FY2024,Q2
23/09/2024,2024,Q3,3,9,September,Sep,39,1,Monday,Mon,No,Yes,2024-09,2024Q3,23,267,No,No,FY2024,Q2
24/09/2024,2024,Q3,3,9,September,Sep,39,2,Tuesday,Tue,No,Yes,2024-09,2024Q3,24,268,No,No,FY2024,Q2
25/09/2024,2024,Q3,3,9,September,Sep,39,3,Wednesday,Wed,No,Yes,2024-09,2024Q3,25,269,No,No,FY2024,Q2
26/09/2024,2024,Q3,3,9,September,Sep,39,4,Thursday,Thu,No,Yes,2024-09,2024Q3,26,270,No,No,FY2024,Q2
27/09/2024,2024,Q3,3,9,September,Sep,39,5,Friday,Fri,No,Yes,2024-09,2024Q3,27,271,No,No,FY2024,Q2
28/09/2024,2024,Q3,3,9,September,Sep,39,6,Saturday,Sat,Yes,No,2024-09,2024Q3,28,272,No,No,FY2024,Q2
29/09/2024,2024,Q3,3,9,September,Sep,39,7,Sunday,Sun,Yes,No,2024-09,2024Q3,29,273,No,No,FY2024,Q2
30/09/2024,2024,Q3,3,9,September,Sep,40,1,Monday,Mon,No,Yes,2024-09,2024Q3,30,274,No,Yes,FY2024,Q2
01/10/2024,2024,Q4,4,10,October,Oct,40,2,Tuesday,Tue,No,Yes,2024-10,2024Q4,1,275,Yes,No,FY2024,Q3
02/10/2024,2024,Q4,4,10,October,Oct,40,3,Wednesday,Wed,No,Yes,2024-10,2024Q4,2,276,No,No,FY2024,Q3
03/10/2024,2024,Q4,4,10,October,Oct,40,4,Thursday,Thu,No,Yes,2024-10,2024Q4,3,277,No,No,FY2024,Q3
04/10/2024,2024,Q4,4,10,October,Oct,40,5,Friday,Fri,No,Yes,2024-10,2024Q4,4,278,No,No,FY2024,Q3
05/10/2024,2024,Q4,4,10,October,Oct,40,6,Saturday,Sat,Yes,No,2024-10,2024Q4,5,279,No,No,FY2024,Q3
06/10/2024,2024,Q4,4,10,October,Oct,40,7,Sunday,Sun,Yes,No,2024-10,2024Q4,6,280,No,No,FY2024,Q3
07/10/2024,2024,Q4,4,10,October,Oct,41,1,Monday,Mon,No,Yes,2024-10,2024Q4,7,281,No,No,FY2024,Q3
08/10/2024,2024,Q4,4,10,October,Oct,41,2,Tuesday,Tue,No,Yes,2024-10,2024Q4,8,282,No,No,FY2024,Q3
09/10/2024,2024,Q4,4,10,October,Oct,41,3,Wednesday,Wed,No,Yes,2024-10,2024Q4,9,283,No,No,FY2024,Q3
10/10/2024,2024,Q4,4,10,October,Oct,41,4,Thursday,Thu,No,Yes,2024-10,2024Q4,10,284,No,No,FY2024,Q3
11/10/2024,2024,Q4,4,10,October,Oct,41,5,Friday,Fri,No,Yes,2024-10,2024Q4,11,285,No,No,FY2024,Q3
12/10/2024,2024,Q4,4,10,October,Oct,41,6,Saturday,Sat,Yes,No,2024-10,2024Q4,12,286,No,No,FY2024,Q3
13/10/2024,2024,Q4,4,10,October,Oct,41,7,Sunday,Sun,Yes,No,2024-10,2024Q4,13,287,No,No,FY2024,Q3
14/10/2024,2024,Q4,4,10,October,Oct,42,1,Monday,Mon,No,Yes,2024-10,2024Q4,14,288,No,No,FY2024,Q3
15/10/2024,2024,Q4,4,10,October,Oct,42,2,Tuesday,Tue,No,Yes,2024-10,2024Q4,15,289,No,No,FY2024,Q3
16/10/2024,2024,Q4,4,10,October,Oct,42,3,Wednesday,Wed,No,Yes,2024-10,2024Q4,16,290,No,No,FY2024,Q3
17/10/2024,2024,Q4,4,10,October,Oct,42,4,Thursday,Thu,No,Yes,2024-10,2024Q4,17,291,No,No,FY2024,Q3
18/10/2024,2024,Q4,4,10,October,Oct,42,5,Friday,Fri,No,Yes,2024-10,2024Q4,18,292,No,No,FY2024,Q3
19/10/2024,2024,Q4,4,10,October,Oct,42,6,Saturday,Sat,Yes,No,2024-10,2024Q4,19,293,No,No,FY2024,Q3
20/10/2024,2024,Q4,4,10,October,Oct,42,7,Sunday,Sun,Yes,No,2024-10,2024Q4,20,294,No,No,FY2024,Q3
21/10/2024,2024,Q4,4,10,October,Oct,43,1,Monday,Mon,No,Yes,2024-10,2024Q4,21,295,No,No,FY2024,Q3
22/10/2024,2024,Q4,4,10,October,Oct,43,2,Tuesday,Tue,No,Yes,2024-10,2024Q4,22,296,No,No,FY2024,Q3
23/10/2024,2024,Q4,4,10,October,Oct,43,3,Wednesday,Wed,No,Yes,2024-10,2024Q4,23,297,No,No,FY2024,Q3
24/10/2024,2024,Q4,4,10,October,Oct,43,4,Thursday,Thu,No,Yes,2024-10,2024Q4,24,298,No,No,FY2024,Q3
25/10/2024,2024,Q4,4,10,October,Oct,43,5,Friday,Fri,No,Yes,2024-10,2024Q4,25,299,No,No,FY2024,Q3
26/10/2024,2024,Q4,4,10,October,Oct,43,6,Saturday,Sat,Yes,No,2024-10,2024Q4,26,300,No,No,FY2024,Q3
27/10/2024,2024,Q4,4,10,October,Oct,43,7,Sunday,Sun,Yes,No,2024-10,2024Q4,27,301,No,No,FY2024,Q3
28/10/2024,2024,Q4,4,10,October,Oct,44,1,Monday,Mon,No,Yes,2024-10,2024Q4,28,302,No,No,FY2024,Q3
29/10/2024,2024,Q4,4,10,October,Oct,44,2,Tuesday,Tue,No,Yes,2024-10,2024Q4,29,303,No,No,FY2024,Q3
30/10/2024,2024,Q4,4,10,October,Oct,44,3,Wednesday,Wed,No,Yes,2024-10,2024Q4,30,304,No,No,FY2024,Q3
31/10/2024,2024,Q4,4,10,October,Oct,44,4,Thursday,Thu,No,Yes,2024-10,2024Q4,31,305,No,Yes,FY2024,Q3
01/11/2024,2024,Q4,4,11,November,Nov,44,5,Friday,Fri,No,Yes,2024-11,2024Q4,1,306,Yes,No,FY2024,Q3
02/11/2024,2024,Q4,4,11,November,Nov,44,6,Saturday,Sat,Yes,No,2024-11,2024Q4,2,307,No,No,FY2024,Q3
03/11/2024,2024,Q4,4,11,November,Nov,44,7,Sunday,Sun,Yes,No,2024-11,2024Q4,3,308,No,No,FY2024,Q3
04/11/2024,2024,Q4,4,11,November,Nov,45,1,Monday,Mon,No,Yes,2024-11,2024Q4,4,309,No,No,FY2024,Q3
05/11/2024,2024,Q4,4,11,November,Nov,45,2,Tuesday,Tue,No,Yes,2024-11,2024Q4,5,310,No,No,FY2024,Q3
06/11/2024,2024,Q4,4,11,November,Nov,45,3,Wednesday,Wed,No,Yes,2024-11,2024Q4,6,311,No,No,FY2024,Q3
07/11/2024,2024,Q4,4,11,November,Nov,45,4,Thursday,Thu,No,Yes,2024-11,2024Q4,7,312,No,No,FY2024,Q3
08/11/2024,2024,Q4,4,11,November,Nov,45,5,Friday,Fri,No,Yes,2024-11,2024Q4,8,313,No,No,FY2024,Q3
09/11/2024,2024,Q4,4,11,November,Nov,45,6,Saturday,Sat,Yes,No,2024-11,2024Q4,9,314,No,No,FY2024,Q3
10/11/2024,2024,Q4,4,11,November,Nov,45,7,Sunday,Sun,Yes,No,2024-11,2024Q4,10,315,No,No,FY2024,Q3
11/11/2024,2024,Q4,4,11,November,Nov,46,1,Monday,Mon,No,Yes,2024-11,2024Q4,11,316,No,No,FY2024,Q3
12/11/2024,2024,Q4,4,11,November,Nov,46,2,Tuesday,Tue,No,Yes,2024-11,2024Q4,12,317,No,No,FY2024,Q3
13/11/2024,2024,Q4,4,11,November,Nov,46,3,Wednesday,Wed,No,Yes,2024-11,2024Q4,13,318,No,No,FY2024,Q3
14/11/2024,2024,Q4,4,11,November,Nov,46,4,Thursday,Thu,No,Yes,2024-11,2024Q4,14,319,No,No,FY2024,Q3
15/11/2024,2024,Q4,4,11,November,Nov,46,5,Friday,Fri,No,Yes,2024-11,2024Q4,15,320,No,No,FY2024,Q3
16/11/2024,2024,Q4,4,11,November,Nov,46,6,Saturday,Sat,Yes,No,2024-11,2024Q4,16,321,No,No,FY2024,Q3
17/11/2024,2024,Q4,4,11,November,Nov,46,7,Sunday,Sun,Yes,No,2024-11,2024Q4,17,322,No,No,FY2024,Q3
18/11/2024,2024,Q4,4,11,November,Nov,47,1,Monday,Mon,No,Yes,2024-11,2024Q4,18,323,No,No,FY2024,Q3
19/11/2024,2024,Q4,4,11,November,Nov,47,2,Tuesday,Tue,No,Yes,2024-11,2024Q4,19,324,No,No,FY2024,Q3
20/11/2024,2024,Q4,4,11,November,Nov,47,3,Wednesday,Wed,No,Yes,2024-11,2024Q4,20,325,No,No,FY2024,Q3
21/11/2024,2024,Q4,4,11,November,Nov,47,4,Thursday,Thu,No,Yes,2024-11,2024Q4,21,326,No,No,FY2024,Q3
22/11/2024,2024,Q4,4,11,November,Nov,47,5,Friday,Fri,No,Yes,2024-11,2024Q4,22,327,No,No,FY2024,Q3
23/11/2024,2024,Q4,4,11,November,Nov,47,6,Saturday,Sat,Yes,No,2024-11,2024Q4,23,328,No,No,FY2024,Q3
24/11/2024,2024,Q4,4,11,November,Nov,47,7,Sunday,Sun,Yes,No,2024-11,2024Q4,24,329,No,No,FY2024,Q3
25/11/2024,2024,Q4,4,11,November,Nov,48,1,Monday,Mon,No,Yes,2024-11,2024Q4,25,330,No,No,FY2024,Q3
26/11/2024,2024,Q4,4,11,November,Nov,48,2,Tuesday,Tue,No,Yes,2024-11,2024Q4,26,331,No,No,FY2024,Q3
27/11/2024,2024,Q4,4,11,November,Nov,48,3,Wednesday,Wed,No,Yes,2024-11,2024Q4,27,332,No,No,FY2024,Q3
28/11/2024,2024,Q4,4,11,November,Nov,48,4,Thursday,Thu,No,Yes,2024-11,2024Q4,28,333,No,No,FY2024,Q3
29/11/2024,2024,Q4,4,11,November,Nov,48,5,Friday,Fri,No,Yes,2024-11,2024Q4,29,334,No,No,FY2024,Q3
30/11/2024,2024,Q4,4,11,November,Nov,48,6,Saturday,Sat,Yes,No,2024-11,2024Q4,30,335,No,Yes,FY2024,Q3
01/12/2024,2024,Q4,4,12,December,Dec,48,7,Sunday,Sun,Yes,No,2024-12,2024Q4,1,336,Yes,No,FY2024,Q3
02/12/2024,2024,Q4,4,12,December,Dec,49,1,Monday,Mon,No,Yes,2024-12,2024Q4,2,337,No,No,FY2024,Q3
03/12/2024,2024,Q4,4,12,December,Dec,49,2,Tuesday,Tue,No,Yes,2024-12,2024Q4,3,338,No,No,FY2024,Q3
04/12/2024,2024,Q4,4,12,December,Dec,49,3,Wednesday,Wed,No,Yes,2024-12,2024Q4,4,339,No,No,FY2024,Q3
05/12/2024,2024,Q4,4,12,December,Dec,49,4,Thursday,Thu,No,Yes,2024-12,2024Q4,5,340,No,No,FY2024,Q3
06/12/2024,2024,Q4,4,12,December,Dec,49,5,Friday,Fri,No,Yes,2024-12,2024Q4,6,341,No,No,FY2024,Q3
07/12/2024,2024,Q4,4,12,December,Dec,49,6,Saturday,Sat,Yes,No,2024-12,2024Q4,7,342,No,No,FY2024,Q3
08/12/2024,2024,Q4,4,12,December,Dec,49,7,Sunday,Sun,Yes,No,2024-12,2024Q4,8,343,No,No,FY2024,Q3
09/12/2024,2024,Q4,4,12,December,Dec,50,1,Monday,Mon,No,Yes,2024-12,2024Q4,9,344,No,No,FY2024,Q3
10/12/2024,2024,Q4,4,12,December,Dec,50,2,Tuesday,Tue,No,Yes,2024-12,2024Q4,10,345,No,No,FY2024,Q3
11/12/2024,2024,Q4,4,12,December,Dec,50,3,Wednesday,Wed,No,Yes,2024-12,2024Q4,11,346,No,No,FY2024,Q3
12/12/2024,2024,Q4,4,12,December,Dec,50,4,Thursday,Thu,No,Yes,2024-12,2024Q4,12,347,No,No,FY2024,Q3
13/12/2024,2024,Q4,4,12,December,Dec,50,5,Friday,Fri,No,Yes,2024-12,2024Q4,13,348,No,No,FY2024,Q3
14/12/2024,2024,Q4,4,12,December,Dec,50,6,Saturday,Sat,Yes,No,2024-12,2024Q4,14,349,No,No,FY2024,Q3
15/12/2024,2024,Q4,4,12,December,Dec,50,7,Sunday,Sun,Yes,No,2024-12,2024Q4,15,350,No,No,FY2024,Q3
16/12/2024,2024,Q4,4,12,December,Dec,51,1,Monday,Mon,No,Yes,2024-12,2024Q4,16,351,No,No,FY2024,Q3
17/12/2024,2024,Q4,4,12,December,Dec,51,2,Tuesday,Tue,No,Yes,2024-12,2024Q4,17,352,No,No,FY2024,Q3
18/12/2024,2024,Q4,4,12,December,Dec,51,3,Wednesday,Wed,No,Yes,2024-12,2024Q4,18,353,No,No,FY2024,Q3
19/12/2024,2024,Q4,4,12,December,Dec,51,4,Thursday,Thu,No,Yes,2024-12,2024Q4,19,354,No,No,FY2024,Q3
20/12/2024,2024,Q4,4,12,December,Dec,51,5,Friday,Fri,No,Yes,2024-12,2024Q4,20,355,No,No,FY2024,Q3
21/12/2024,2024,Q4,4,12,December,Dec,51,6,Saturday,Sat,Yes,No,2024-12,2024Q4,21,356,No,No,FY2024,Q3
22/12/2024,2024,Q4,4,12,December,Dec,51,7,Sunday,Sun,Yes,No,2024-12,2024Q4,22,357,No,No,FY2024,Q3
23/12/2024,2024,Q4,4,12,December,Dec,52,1,Monday,Mon,No,Yes,2024-12,2024Q4,23,358,No,No,FY2024,Q3
24/12/2024,2024,Q4,4,12,December,Dec,52,2,Tuesday,Tue,No,Yes,2024-12,2024Q4,24,359,No,No,FY2024,Q3
25/12/2024,2024,Q4,4,12,December,Dec,52,3,Wednesday,Wed,No,Yes,2024-12,2024Q4,25,360,No,No,FY2024,Q3
26/12/2024,2024,Q4,4,12,December,Dec,52,4,Thursday,Thu,No,Yes,2024-12,2024Q4,26,361,No,No,FY2024,Q3
27/12/2024,2024,Q4,4,12,December,Dec,52,5,Friday,Fri,No,Yes,2024-12,2024Q4,27,362,No,No,FY2024,Q3
28/12/2024,2024,Q4,4,12,December,Dec,52,6,Saturday,Sat,Yes,No,2024-12,2024Q4,28,363,No,No,FY2024,Q3
29/12/2024,2024,Q4,4,12,December,Dec,52,7,Sunday,Sun,Yes,No,2024-12,2024Q4,29,364,No,No,FY2024,Q3
30/12/2024,2024,Q4,4,12,December,Dec,1,1,Monday,Mon,No,Yes,2024-12,2024Q4,30,365,No,No,FY2024,Q3
31/12/2024,2024,Q4,4,12,December,Dec,1,2,Tuesday,Tue,No,Yes,2024-12,2024Q4,31,366,No,Yes,FY2024,Q3